gym_id,bucket_ts,capacity_pct,is_closed,scraped_at
7pUkepD2XsWDHOO92bNyP,2026-09-26T07:00:00+08:00,23,0,2026-09-26T07:03:11+08:00
AosIo96hMLnNe4cZ5LESn,2026-09-26T07:00:00+08:00,6,0,2026-09-26T07:03:11+08:00
CdGlAWLw4cIllzFlL2be0,2026-09-26T07:00:00+08:00,11,0,2026-09-26T07:03:11+08:00
EcBGtBDRSadwhso2WV0Tk,2026-09-26T07:00:00+08:00,24,0,2026-09-26T07:03:11+08:00
FOoCS3RzGgcLYcRzdOFV1,2026-09-26T07:00:00+08:00,4,0,2026-09-26T07:03:11+08:00
FrQe2ueU3hIaPAAh8snYW,2026-09-26T07:00:00+08:00,7,0,2026-09-26T07:03:11+08:00
L6PijvT6exaVezC2I6Vvg,2026-09-26T07:00:00+08:00,3,0,2026-09-26T07:03:11+08:00
LH8LXZ2I67YVHplh5HTUG,2026-09-26T07:00:00+08:00,4,0,2026-09-26T07:03:11+08:00
NxxWCKb2ITT7AZNRJr62i,2026-09-26T07:00:00+08:00,12,0,2026-09-26T07:03:11+08:00
O0tD3rcKdjI7dYB4ynfr9,2026-09-26T07:00:00+08:00,0,0,2026-09-26T07:03:11+08:00
O8i7stfNTU2DydWZdkUIo,2026-09-26T07:00:00+08:00,6,0,2026-09-26T07:03:11+08:00
RF0gfHIWDuNybfYfPOZgU,2026-09-26T07:00:00+08:00,11,0,2026-09-26T07:03:11+08:00
TAmdBcFXigZ5kPnh97Qju,2026-09-26T07:00:00+08:00,7,0,2026-09-26T07:03:11+08:00
Vg6a1NAMJ9yjL5wmJ4ZnS,2026-09-26T07:00:00+08:00,27,0,2026-09-26T07:03:11+08:00
XE4W6nShDirkLifR7aY2H,2026-09-26T07:00:00+08:00,0,0,2026-09-26T07:03:11+08:00
XcptrxSXxwEMzzOdhC4e8,2026-09-26T07:00:00+08:00,7,0,2026-09-26T07:03:11+08:00
gWsom5XND7y31xUHffKIx,2026-09-26T07:00:00+08:00,0,0,2026-09-26T07:03:11+08:00
hU7dxBlZvxIP6xF1sBF4g,2026-09-26T07:00:00+08:00,9,0,2026-09-26T07:03:11+08:00
jURxKTJdKAknCAn3BdZBu,2026-09-26T07:00:00+08:00,7,0,2026-09-26T07:03:11+08:00
kWpNPgv8vJ7oY5hM0EGBj,2026-09-26T07:00:00+08:00,11,0,2026-09-26T07:03:11+08:00
kvKdTkljhfoINMtsxkLwR,2026-09-26T07:00:00+08:00,14,0,2026-09-26T07:03:11+08:00
lGqA6LMJhSPHrUSA9gCBW,2026-09-26T07:00:00+08:00,7,0,2026-09-26T07:03:11+08:00
mTU4h0cnQo7ZfHBye4laR,2026-09-26T07:00:00+08:00,12,0,2026-09-26T07:03:11+08:00
oGyEo8DlMkhqGwHAHyrX2,2026-09-26T07:00:00+08:00,18,0,2026-09-26T07:03:11+08:00
qBwKt6mp7ouMiEuoQHyrX,2026-09-26T07:00:00+08:00,11,0,2026-09-26T07:03:11+08:00
rSfmQ2HygLUCIJZ4YBXhZ,2026-09-26T07:00:00+08:00,0,0,2026-09-26T07:03:11+08:00
sm9l6v5egLq8LmDAxaD35,2026-09-26T07:00:00+08:00,8,0,2026-09-26T07:03:11+08:00
vmM6pa4n1ZoW3cjsr2i8t,2026-09-26T07:00:00+08:00,4,0,2026-09-26T07:03:11+08:00
yI42qVqT0Klxyp97GlSFv,2026-09-26T07:00:00+08:00,23,0,2026-09-26T07:03:11+08:00
zz7zliifcVF7RjIBrHrWW,2026-09-26T07:00:00+08:00,8,0,2026-09-26T07:03:11+08:00
7pUkepD2XsWDHOO92bNyP,2026-09-26T07:15:00+08:00,38,0,2026-09-26T07:15:15+08:00
AosIo96hMLnNe4cZ5LESn,2026-09-26T07:15:00+08:00,12,0,2026-09-26T07:15:15+08:00
CdGlAWLw4cIllzFlL2be0,2026-09-26T07:15:00+08:00,18,0,2026-09-26T07:15:15+08:00
EcBGtBDRSadwhso2WV0Tk,2026-09-26T07:15:00+08:00,35,0,2026-09-26T07:15:15+08:00
FOoCS3RzGgcLYcRzdOFV1,2026-09-26T07:15:00+08:00,13,0,2026-09-26T07:15:15+08:00
FrQe2ueU3hIaPAAh8snYW,2026-09-26T07:15:00+08:00,13,0,2026-09-26T07:15:15+08:00
L6PijvT6exaVezC2I6Vvg,2026-09-26T07:15:00+08:00,8,0,2026-09-26T07:15:15+08:00
LH8LXZ2I67YVHplh5HTUG,2026-09-26T07:15:00+08:00,8,0,2026-09-26T07:15:15+08:00
NxxWCKb2ITT7AZNRJr62i,2026-09-26T07:15:00+08:00,15,0,2026-09-26T07:15:15+08:00
O0tD3rcKdjI7dYB4ynfr9,2026-09-26T07:15:00+08:00,10,0,2026-09-26T07:15:15+08:00
O8i7stfNTU2DydWZdkUIo,2026-09-26T07:15:00+08:00,10,0,2026-09-26T07:15:15+08:00
RF0gfHIWDuNybfYfPOZgU,2026-09-26T07:15:00+08:00,22,0,2026-09-26T07:15:15+08:00
TAmdBcFXigZ5kPnh97Qju,2026-09-26T07:15:00+08:00,11,0,2026-09-26T07:15:15+08:00
Vg6a1NAMJ9yjL5wmJ4ZnS,2026-09-26T07:15:00+08:00,37,0,2026-09-26T07:15:15+08:00
XE4W6nShDirkLifR7aY2H,2026-09-26T07:15:00+08:00,9,0,2026-09-26T07:15:15+08:00
XcptrxSXxwEMzzOdhC4e8,2026-09-26T07:15:00+08:00,11,0,2026-09-26T07:15:15+08:00
gWsom5XND7y31xUHffKIx,2026-09-26T07:15:00+08:00,8,0,2026-09-26T07:15:15+08:00
hU7dxBlZvxIP6xF1sBF4g,2026-09-26T07:15:00+08:00,19,0,2026-09-26T07:15:15+08:00
jURxKTJdKAknCAn3BdZBu,2026-09-26T07:15:00+08:00,11,0,2026-09-26T07:15:15+08:00
kWpNPgv8vJ7oY5hM0EGBj,2026-09-26T07:15:00+08:00,18,0,2026-09-26T07:15:15+08:00
kvKdTkljhfoINMtsxkLwR,2026-09-26T07:15:00+08:00,16,0,2026-09-26T07:15:15+08:00
lGqA6LMJhSPHrUSA9gCBW,2026-09-26T07:15:00+08:00,12,0,2026-09-26T07:15:15+08:00
mTU4h0cnQo7ZfHBye4laR,2026-09-26T07:15:00+08:00,18,0,2026-09-26T07:15:15+08:00
oGyEo8DlMkhqGwHAHyrX2,2026-09-26T07:15:00+08:00,32,0,2026-09-26T07:15:15+08:00
qBwKt6mp7ouMiEuoQHyrX,2026-09-26T07:15:00+08:00,16,0,2026-09-26T07:15:15+08:00
rSfmQ2HygLUCIJZ4YBXhZ,2026-09-26T07:15:00+08:00,20,0,2026-09-26T07:15:15+08:00
sm9l6v5egLq8LmDAxaD35,2026-09-26T07:15:00+08:00,16,0,2026-09-26T07:15:15+08:00
vmM6pa4n1ZoW3cjsr2i8t,2026-09-26T07:15:00+08:00,7,0,2026-09-26T07:15:15+08:00
yI42qVqT0Klxyp97GlSFv,2026-09-26T07:15:00+08:00,38,0,2026-09-26T07:15:15+08:00
zz7zliifcVF7RjIBrHrWW,2026-09-26T07:15:00+08:00,14,0,2026-09-26T07:15:15+08:00
7pUkepD2XsWDHOO92bNyP,2026-09-26T07:30:00+08:00,42,0,2026-09-26T07:31:19+08:00
AosIo96hMLnNe4cZ5LESn,2026-09-26T07:30:00+08:00,16,0,2026-09-26T07:31:19+08:00
CdGlAWLw4cIllzFlL2be0,2026-09-26T07:30:00+08:00,20,0,2026-09-26T07:31:19+08:00
EcBGtBDRSadwhso2WV0Tk,2026-09-26T07:30:00+08:00,39,0,2026-09-26T07:31:19+08:00
FOoCS3RzGgcLYcRzdOFV1,2026-09-26T07:30:00+08:00,14,0,2026-09-26T07:31:19+08:00
FrQe2ueU3hIaPAAh8snYW,2026-09-26T07:30:00+08:00,21,0,2026-09-26T07:31:19+08:00
L6PijvT6exaVezC2I6Vvg,2026-09-26T07:30:00+08:00,11,0,2026-09-26T07:31:19+08:00
LH8LXZ2I67YVHplh5HTUG,2026-09-26T07:30:00+08:00,13,0,2026-09-26T07:31:19+08:00
NxxWCKb2ITT7AZNRJr62i,2026-09-26T07:30:00+08:00,25,0,2026-09-26T07:31:19+08:00
O0tD3rcKdjI7dYB4ynfr9,2026-09-26T07:30:00+08:00,23,0,2026-09-26T07:31:19+08:00
O8i7stfNTU2DydWZdkUIo,2026-09-26T07:30:00+08:00,11,0,2026-09-26T07:31:19+08:00
RF0gfHIWDuNybfYfPOZgU,2026-09-26T07:30:00+08:00,29,0,2026-09-26T07:31:19+08:00
TAmdBcFXigZ5kPnh97Qju,2026-09-26T07:30:00+08:00,25,0,2026-09-26T07:31:19+08:00
Vg6a1NAMJ9yjL5wmJ4ZnS,2026-09-26T07:30:00+08:00,37,0,2026-09-26T07:31:19+08:00
XE4W6nShDirkLifR7aY2H,2026-09-26T07:30:00+08:00,20,0,2026-09-26T07:31:19+08:00
XcptrxSXxwEMzzOdhC4e8,2026-09-26T07:30:00+08:00,16,0,2026-09-26T07:31:19+08:00
gWsom5XND7y31xUHffKIx,2026-09-26T07:30:00+08:00,9,0,2026-09-26T07:31:19+08:00
hU7dxBlZvxIP6xF1sBF4g,2026-09-26T07:30:00+08:00,25,0,2026-09-26T07:31:19+08:00
jURxKTJdKAknCAn3BdZBu,2026-09-26T07:30:00+08:00,15,0,2026-09-26T07:31:19+08:00
kWpNPgv8vJ7oY5hM0EGBj,2026-09-26T07:30:00+08:00,24,0,2026-09-26T07:31:19+08:00
kvKdTkljhfoINMtsxkLwR,2026-09-26T07:30:00+08:00,22,0,2026-09-26T07:31:19+08:00
lGqA6LMJhSPHrUSA9gCBW,2026-09-26T07:30:00+08:00,17,0,2026-09-26T07:31:19+08:00
mTU4h0cnQo7ZfHBye4laR,2026-09-26T07:30:00+08:00,23,0,2026-09-26T07:31:19+08:00
oGyEo8DlMkhqGwHAHyrX2,2026-09-26T07:30:00+08:00,34,0,2026-09-26T07:31:19+08:00
qBwKt6mp7ouMiEuoQHyrX,2026-09-26T07:30:00+08:00,22,0,2026-09-26T07:31:19+08:00
rSfmQ2HygLUCIJZ4YBXhZ,2026-09-26T07:30:00+08:00,28,0,2026-09-26T07:31:19+08:00
sm9l6v5egLq8LmDAxaD35,2026-09-26T07:30:00+08:00,16,0,2026-09-26T07:31:19+08:00
vmM6pa4n1ZoW3cjsr2i8t,2026-09-26T07:30:00+08:00,9,0,2026-09-26T07:31:19+08:00
yI42qVqT0Klxyp97GlSFv,2026-09-26T07:30:00+08:00,50,0,2026-09-26T07:31:19+08:00
zz7zliifcVF7RjIBrHrWW,2026-09-26T07:30:00+08:00,18,0,2026-09-26T07:31:19+08:00
7pUkepD2XsWDHOO92bNyP,2026-09-26T07:45:00+08:00,43,0,2026-09-26T07:47:24+08:00
AosIo96hMLnNe4cZ5LESn,2026-09-26T07:45:00+08:00,21,0,2026-09-26T07:47:24+08:00
CdGlAWLw4cIllzFlL2be0,2026-09-26T07:45:00+08:00,25,0,2026-09-26T07:47:24+08:00
EcBGtBDRSadwhso2WV0Tk,2026-09-26T07:45:00+08:00,43,0,2026-09-26T07:47:24+08:00
FOoCS3RzGgcLYcRzdOFV1,2026-09-26T07:45:00+08:00,15,0,2026-09-26T07:47:24+08:00
FrQe2ueU3hIaPAAh8snYW,2026-09-26T07:45:00+08:00,22,0,2026-09-26T07:47:24+08:00
L6PijvT6exaVezC2I6Vvg,2026-09-26T07:45:00+08:00,16,0,2026-09-26T07:47:24+08:00
LH8LXZ2I67YVHplh5HTUG,2026-09-26T07:45:00+08:00,16,0,2026-09-26T07:47:24+08:00
NxxWCKb2ITT7AZNRJr62i,2026-09-26T07:45:00+08:00,30,0,2026-09-26T07:47:24+08:00
O0tD3rcKdjI7dYB4ynfr9,2026-09-26T07:45:00+08:00,27,0,2026-09-26T07:47:24+08:00
O8i7stfNTU2DydWZdkUIo,2026-09-26T07:45:00+08:00,14,0,2026-09-26T07:47:24+08:00
RF0gfHIWDuNybfYfPOZgU,2026-09-26T07:45:00+08:00,36,0,2026-09-26T07:47:24+08:00
TAmdBcFXigZ5kPnh97Qju,2026-09-26T07:45:00+08:00,31,0,2026-09-26T07:47:24+08:00
Vg6a1NAMJ9yjL5wmJ4ZnS,2026-09-26T07:45:00+08:00,37,0,2026-09-26T07:47:24+08:00
XE4W6nShDirkLifR7aY2H,2026-09-26T07:45:00+08:00,29,0,2026-09-26T07:47:24+08:00
XcptrxSXxwEMzzOdhC4e8,2026-09-26T07:45:00+08:00,23,0,2026-09-26T07:47:24+08:00
gWsom5XND7y31xUHffKIx,2026-09-26T07:45:00+08:00,15,0,2026-09-26T07:47:24+08:00
hU7dxBlZvxIP6xF1sBF4g,2026-09-26T07:45:00+08:00,34,0,2026-09-26T07:47:24+08:00
jURxKTJdKAknCAn3BdZBu,2026-09-26T07:45:00+08:00,19,0,2026-09-26T07:47:24+08:00
kWpNPgv8vJ7oY5hM0EGBj,2026-09-26T07:45:00+08:00,32,0,2026-09-26T07:47:24+08:00
kvKdTkljhfoINMtsxkLwR,2026-09-26T07:45:00+08:00,22,0,2026-09-26T07:47:24+08:00
lGqA6LMJhSPHrUSA9gCBW,2026-09-26T07:45:00+08:00,23,0,2026-09-26T07:47:24+08:00
mTU4h0cnQo7ZfHBye4laR,2026-09-26T07:45:00+08:00,27,0,2026-09-26T07:47:24+08:00
oGyEo8DlMkhqGwHAHyrX2,2026-09-26T07:45:00+08:00,42,0,2026-09-26T07:47:24+08:00
qBwKt6mp7ouMiEuoQHyrX,2026-09-26T07:45:00+08:00,24,0,2026-09-26T07:47:24+08:00
rSfmQ2HygLUCIJZ4YBXhZ,2026-09-26T07:45:00+08:00,34,0,2026-09-26T07:47:24+08:00
sm9l6v5egLq8LmDAxaD35,2026-09-26T07:45:00+08:00,26,0,2026-09-26T07:47:24+08:00
vmM6pa4n1ZoW3cjsr2i8t,2026-09-26T07:45:00+08:00,12,0,2026-09-26T07:47:24+08:00
yI42qVqT0Klxyp97GlSFv,2026-09-26T07:45:00+08:00,50,0,2026-09-26T07:47:24+08:00
zz7zliifcVF7RjIBrHrWW,2026-09-26T07:45:00+08:00,18,0,2026-09-26T07:47:24+08:00
7pUkepD2XsWDHOO92bNyP,2026-09-26T08:00:00+08:00,40,0,2026-09-26T08:03:28+08:00
AosIo96hMLnNe4cZ5LESn,2026-09-26T08:00:00+08:00,26,0,2026-09-26T08:03:28+08:00
CdGlAWLw4cIllzFlL2be0,2026-09-26T08:00:00+08:00,25,0,2026-09-26T08:03:28+08:00
EcBGtBDRSadwhso2WV0Tk,2026-09-26T08:00:00+08:00,46,0,2026-09-26T08:03:28+08:00
FOoCS3RzGgcLYcRzdOFV1,2026-09-26T08:00:00+08:00,19,0,2026-09-26T08:03:28+08:00
FrQe2ueU3hIaPAAh8snYW,2026-09-26T08:00:00+08:00,24,0,2026-09-26T08:03:28+08:00
L6PijvT6exaVezC2I6Vvg,2026-09-26T08:00:00+08:00,18,0,2026-09-26T08:03:28+08:00
LH8LXZ2I67YVHplh5HTUG,2026-09-26T08:00:00+08:00,18,0,2026-09-26T08:03:28+08:00
NxxWCKb2ITT7AZNRJr62i,2026-09-26T08:00:00+08:00,33,0,2026-09-26T08:03:28+08:00
O0tD3rcKdjI7dYB4ynfr9,2026-09-26T08:00:00+08:00,28,0,2026-09-26T08:03:28+08:00
O8i7stfNTU2DydWZdkUIo,2026-09-26T08:00:00+08:00,18,0,2026-09-26T08:03:28+08:00
RF0gfHIWDuNybfYfPOZgU,2026-09-26T08:00:00+08:00,42,0,2026-09-26T08:03:28+08:00
TAmdBcFXigZ5kPnh97Qju,2026-09-26T08:00:00+08:00,32,0,2026-09-26T08:03:28+08:00
Vg6a1NAMJ9yjL5wmJ4ZnS,2026-09-26T08:00:00+08:00,37,0,2026-09-26T08:03:28+08:00
XE4W6nShDirkLifR7aY2H,2026-09-26T08:00:00+08:00,29,0,2026-09-26T08:03:28+08:00
XcptrxSXxwEMzzOdhC4e8,2026-09-26T08:00:00+08:00,25,0,2026-09-26T08:03:28+08:00
gWsom5XND7y31xUHffKIx,2026-09-26T08:00:00+08:00,15,0,2026-09-26T08:03:28+08:00
hU7dxBlZvxIP6xF1sBF4g,2026-09-26T08:00:00+08:00,35,0,2026-09-26T08:03:28+08:00
jURxKTJdKAknCAn3BdZBu,2026-09-26T08:00:00+08:00,21,0,2026-09-26T08:03:28+08:00
kWpNPgv8vJ7oY5hM0EGBj,2026-09-26T08:00:00+08:00,36,0,2026-09-26T08:03:28+08:00
kvKdTkljhfoINMtsxkLwR,2026-09-26T08:00:00+08:00,22,0,2026-09-26T08:03:28+08:00
lGqA6LMJhSPHrUSA9gCBW,2026-09-26T08:00:00+08:00,33,0,2026-09-26T08:03:28+08:00
mTU4h0cnQo7ZfHBye4laR,2026-09-26T08:00:00+08:00,32,0,2026-09-26T08:03:28+08:00
oGyEo8DlMkhqGwHAHyrX2,2026-09-26T08:00:00+08:00,43,0,2026-09-26T08:03:28+08:00
qBwKt6mp7ouMiEuoQHyrX,2026-09-26T08:00:00+08:00,27,0,2026-09-26T08:03:28+08:00
rSfmQ2HygLUCIJZ4YBXhZ,2026-09-26T08:00:00+08:00,39,0,2026-09-26T08:03:28+08:00
sm9l6v5egLq8LmDAxaD35,2026-09-26T08:00:00+08:00,29,0,2026-09-26T08:03:28+08:00
vmM6pa4n1ZoW3cjsr2i8t,2026-09-26T08:00:00+08:00,12,0,2026-09-26T08:03:28+08:00
yI42qVqT0Klxyp97GlSFv,2026-09-26T08:00:00+08:00,50,0,2026-09-26T08:03:28+08:00
zz7zliifcVF7RjIBrHrWW,2026-09-26T08:00:00+08:00,18,0,2026-09-26T08:03:28+08:00
7pUkepD2XsWDHOO92bNyP,2026-09-26T08:15:00+08:00,38,0,2026-09-26T08:15:32+08:00
AosIo96hMLnNe4cZ5LESn,2026-09-26T08:15:00+08:00,32,0,2026-09-26T08:15:32+08:00
CdGlAWLw4cIllzFlL2be0,2026-09-26T08:15:00+08:00,28,0,2026-09-26T08:15:32+08:00
EcBGtBDRSadwhso2WV0Tk,2026-09-26T08:15:00+08:00,39,0,2026-09-26T08:15:32+08:00
FOoCS3RzGgcLYcRzdOFV1,2026-09-26T08:15:00+08:00,19,0,2026-09-26T08:15:32+08:00
FrQe2ueU3hIaPAAh8snYW,2026-09-26T08:15:00+08:00,25,0,2026-09-26T08:15:32+08:00
L6PijvT6exaVezC2I6Vvg,2026-09-26T08:15:00+08:00,21,0,2026-09-26T08:15:32+08:00
LH8LXZ2I67YVHplh5HTUG,2026-09-26T08:15:00+08:00,20,0,2026-09-26T08:15:32+08:00
NxxWCKb2ITT7AZNRJr62i,2026-09-26T08:15:00+08:00,35,0,2026-09-26T08:15:32+08:00
O0tD3rcKdjI7dYB4ynfr9,2026-09-26T08:15:00+08:00,30,0,2026-09-26T08:15:32+08:00
O8i7stfNTU2DydWZdkUIo,2026-09-26T08:15:00+08:00,17,0,2026-09-26T08:15:32+08:00
RF0gfHIWDuNybfYfPOZgU,2026-09-26T08:15:00+08:00,41,0,2026-09-26T08:15:32+08:00
TAmdBcFXigZ5kPnh97Qju,2026-09-26T08:15:00+08:00,34,0,2026-09-26T08:15:32+08:00
Vg6a1NAMJ9yjL5wmJ4ZnS,2026-09-26T08:15:00+08:00,40,0,2026-09-26T08:15:32+08:00
XE4W6nShDirkLifR7aY2H,2026-09-26T08:15:00+08:00,29,0,2026-09-26T08:15:32+08:00
XcptrxSXxwEMzzOdhC4e8,2026-09-26T08:15:00+08:00,26,0,2026-09-26T08:15:32+08:00
gWsom5XND7y31xUHffKIx,2026-09-26T08:15:00+08:00,15,0,2026-09-26T08:15:32+08:00
hU7dxBlZvxIP6xF1sBF4g,2026-09-26T08:15:00+08:00,41,0,2026-09-26T08:15:32+08:00
jURxKTJdKAknCAn3BdZBu,2026-09-26T08:15:00+08:00,20,0,2026-09-26T08:15:32+08:00
kWpNPgv8vJ7oY5hM0EGBj,2026-09-26T08:15:00+08:00,32,0,2026-09-26T08:15:32+08:00
kvKdTkljhfoINMtsxkLwR,2026-09-26T08:15:00+08:00,32,0,2026-09-26T08:15:32+08:00
lGqA6LMJhSPHrUSA9gCBW,2026-09-26T08:15:00+08:00,34,0,2026-09-26T08:15:32+08:00
mTU4h0cnQo7ZfHBye4laR,2026-09-26T08:15:00+08:00,30,0,2026-09-26T08:15:32+08:00
oGyEo8DlMkhqGwHAHyrX2,2026-09-26T08:15:00+08:00,43,0,2026-09-26T08:15:32+08:00
qBwKt6mp7ouMiEuoQHyrX,2026-09-26T08:15:00+08:00,32,0,2026-09-26T08:15:32+08:00
rSfmQ2HygLUCIJZ4YBXhZ,2026-09-26T08:15:00+08:00,43,0,2026-09-26T08:15:32+08:00
sm9l6v5egLq8LmDAxaD35,2026-09-26T08:15:00+08:00,30,0,2026-09-26T08:15:32+08:00
vmM6pa4n1ZoW3cjsr2i8t,2026-09-26T08:15:00+08:00,12,0,2026-09-26T08:15:32+08:00
yI42qVqT0Klxyp97GlSFv,2026-09-26T08:15:00+08:00,50,0,2026-09-26T08:15:32+08:00
zz7zliifcVF7RjIBrHrWW,2026-09-26T08:15:00+08:00,35,0,2026-09-26T08:15:32+08:00
7pUkepD2XsWDHOO92bNyP,2026-09-26T08:30:00+08:00,40,0,2026-09-26T08:31:36+08:00
AosIo96hMLnNe4cZ5LESn,2026-09-26T08:30:00+08:00,31,0,2026-09-26T08:31:36+08:00
CdGlAWLw4cIllzFlL2be0,2026-09-26T08:30:00+08:00,28,0,2026-09-26T08:31:36+08:00
EcBGtBDRSadwhso2WV0Tk,2026-09-26T08:30:00+08:00,40,0,2026-09-26T08:31:36+08:00
FOoCS3RzGgcLYcRzdOFV1,2026-09-26T08:30:00+08:00,22,0,2026-09-26T08:31:36+08:00
FrQe2ueU3hIaPAAh8snYW,2026-09-26T08:30:00+08:00,32,0,2026-09-26T08:31:36+08:00
L6PijvT6exaVezC2I6Vvg,2026-09-26T08:30:00+08:00,25,0,2026-09-26T08:31:36+08:00
LH8LXZ2I67YVHplh5HTUG,2026-09-26T08:30:00+08:00,21,0,2026-09-26T08:31:36+08:00
NxxWCKb2ITT7AZNRJr62i,2026-09-26T08:30:00+08:00,33,0,2026-09-26T08:31:36+08:00
O0tD3rcKdjI7dYB4ynfr9,2026-09-26T08:30:00+08:00,35,0,2026-09-26T08:31:36+08:00
O8i7stfNTU2DydWZdkUIo,2026-09-26T08:30:00+08:00,20,0,2026-09-26T08:31:36+08:00
RF0gfHIWDuNybfYfPOZgU,2026-09-26T08:30:00+08:00,35,0,2026-09-26T08:31:36+08:00
TAmdBcFXigZ5kPnh97Qju,2026-09-26T08:30:00+08:00,30,0,2026-09-26T08:31:36+08:00
Vg6a1NAMJ9yjL5wmJ4ZnS,2026-09-26T08:30:00+08:00,37,0,2026-09-26T08:31:36+08:00
XE4W6nShDirkLifR7aY2H,2026-09-26T08:30:00+08:00,31,0,2026-09-26T08:31:36+08:00
XcptrxSXxwEMzzOdhC4e8,2026-09-26T08:30:00+08:00,29,0,2026-09-26T08:31:36+08:00
gWsom5XND7y31xUHffKIx,2026-09-26T08:30:00+08:00,15,0,2026-09-26T08:31:36+08:00
hU7dxBlZvxIP6xF1sBF4g,2026-09-26T08:30:00+08:00,41,0,2026-09-26T08:31:36+08:00
jURxKTJdKAknCAn3BdZBu,2026-09-26T08:30:00+08:00,20,0,2026-09-26T08:31:36+08:00
kWpNPgv8vJ7oY5hM0EGBj,2026-09-26T08:30:00+08:00,31,0,2026-09-26T08:31:36+08:00
kvKdTkljhfoINMtsxkLwR,2026-09-26T08:30:00+08:00,32,0,2026-09-26T08:31:36+08:00
lGqA6LMJhSPHrUSA9gCBW,2026-09-26T08:30:00+08:00,36,0,2026-09-26T08:31:36+08:00
mTU4h0cnQo7ZfHBye4laR,2026-09-26T08:30:00+08:00,32,0,2026-09-26T08:31:36+08:00
oGyEo8DlMkhqGwHAHyrX2,2026-09-26T08:30:00+08:00,50,0,2026-09-26T08:31:36+08:00
qBwKt6mp7ouMiEuoQHyrX,2026-09-26T08:30:00+08:00,35,0,2026-09-26T08:31:36+08:00
rSfmQ2HygLUCIJZ4YBXhZ,2026-09-26T08:30:00+08:00,44,0,2026-09-26T08:31:36+08:00
sm9l6v5egLq8LmDAxaD35,2026-09-26T08:30:00+08:00,23,0,2026-09-26T08:31:36+08:00
vmM6pa4n1ZoW3cjsr2i8t,2026-09-26T08:30:00+08:00,14,0,2026-09-26T08:31:36+08:00
yI42qVqT0Klxyp97GlSFv,2026-09-26T08:30:00+08:00,70,0,2026-09-26T08:31:36+08:00
zz7zliifcVF7RjIBrHrWW,2026-09-26T08:30:00+08:00,38,0,2026-09-26T08:31:36+08:00
7pUkepD2XsWDHOO92bNyP,2026-09-26T08:45:00+08:00,42,0,2026-09-26T08:47:40+08:00
AosIo96hMLnNe4cZ5LESn,2026-09-26T08:45:00+08:00,31,0,2026-09-26T08:47:40+08:00
CdGlAWLw4cIllzFlL2be0,2026-09-26T08:45:00+08:00,29,0,2026-09-26T08:47:40+08:00
EcBGtBDRSadwhso2WV0Tk,2026-09-26T08:45:00+08:00,45,0,2026-09-26T08:47:40+08:00
FOoCS3RzGgcLYcRzdOFV1,2026-09-26T08:45:00+08:00,21,0,2026-09-26T08:47:40+08:00
FrQe2ueU3hIaPAAh8snYW,2026-09-26T08:45:00+08:00,29,0,2026-09-26T08:47:40+08:00
L6PijvT6exaVezC2I6Vvg,2026-09-26T08:45:00+08:00,26,0,2026-09-26T08:47:40+08:00
LH8LXZ2I67YVHplh5HTUG,2026-09-26T08:45:00+08:00,21,0,2026-09-26T08:47:40+08:00
NxxWCKb2ITT7AZNRJr62i,2026-09-26T08:45:00+08:00,23,0,2026-09-26T08:47:40+08:00
O0tD3rcKdjI7dYB4ynfr9,2026-09-26T08:45:00+08:00,35,0,2026-09-26T08:47:40+08:00
O8i7stfNTU2DydWZdkUIo,2026-09-26T08:45:00+08:00,20,0,2026-09-26T08:47:40+08:00
RF0gfHIWDuNybfYfPOZgU,2026-09-26T08:45:00+08:00,32,0,2026-09-26T08:47:40+08:00
TAmdBcFXigZ5kPnh97Qju,2026-09-26T08:45:00+08:00,31,0,2026-09-26T08:47:40+08:00
Vg6a1NAMJ9yjL5wmJ4ZnS,2026-09-26T08:45:00+08:00,43,0,2026-09-26T08:47:40+08:00
XE4W6nShDirkLifR7aY2H,2026-09-26T08:45:00+08:00,22,0,2026-09-26T08:47:40+08:00
XcptrxSXxwEMzzOdhC4e8,2026-09-26T08:45:00+08:00,35,0,2026-09-26T08:47:40+08:00
gWsom5XND7y31xUHffKIx,2026-09-26T08:45:00+08:00,19,0,2026-09-26T08:47:40+08:00
hU7dxBlZvxIP6xF1sBF4g,2026-09-26T08:45:00+08:00,42,0,2026-09-26T08:47:40+08:00
jURxKTJdKAknCAn3BdZBu,2026-09-26T08:45:00+08:00,21,0,2026-09-26T08:47:40+08:00
kWpNPgv8vJ7oY5hM0EGBj,2026-09-26T08:45:00+08:00,32,0,2026-09-26T08:47:40+08:00
kvKdTkljhfoINMtsxkLwR,2026-09-26T08:45:00+08:00,32,0,2026-09-26T08:47:40+08:00
lGqA6LMJhSPHrUSA9gCBW,2026-09-26T08:45:00+08:00,34,0,2026-09-26T08:47:40+08:00
mTU4h0cnQo7ZfHBye4laR,2026-09-26T08:45:00+08:00,39,0,2026-09-26T08:47:40+08:00
oGyEo8DlMkhqGwHAHyrX2,2026-09-26T08:45:00+08:00,58,0,2026-09-26T08:47:40+08:00
qBwKt6mp7ouMiEuoQHyrX,2026-09-26T08:45:00+08:00,36,0,2026-09-26T08:47:40+08:00
rSfmQ2HygLUCIJZ4YBXhZ,2026-09-26T08:45:00+08:00,46,0,2026-09-26T08:47:40+08:00
sm9l6v5egLq8LmDAxaD35,2026-09-26T08:45:00+08:00,23,0,2026-09-26T08:47:40+08:00
vmM6pa4n1ZoW3cjsr2i8t,2026-09-26T08:45:00+08:00,17,0,2026-09-26T08:47:40+08:00
yI42qVqT0Klxyp97GlSFv,2026-09-26T08:45:00+08:00,63,0,2026-09-26T08:47:40+08:00
zz7zliifcVF7RjIBrHrWW,2026-09-26T08:45:00+08:00,40,0,2026-09-26T08:47:40+08:00
7pUkepD2XsWDHOO92bNyP,2026-09-26T09:00:00+08:00,51,0,2026-09-26T09:03:45+08:00
AosIo96hMLnNe4cZ5LESn,2026-09-26T09:00:00+08:00,37,0,2026-09-26T09:03:45+08:00
CdGlAWLw4cIllzFlL2be0,2026-09-26T09:00:00+08:00,32,0,2026-09-26T09:03:45+08:00
EcBGtBDRSadwhso2WV0Tk,2026-09-26T09:00:00+08:00,47,0,2026-09-26T09:03:45+08:00
FOoCS3RzGgcLYcRzdOFV1,2026-09-26T09:00:00+08:00,21,0,2026-09-26T09:03:45+08:00
FrQe2ueU3hIaPAAh8snYW,2026-09-26T09:00:00+08:00,29,0,2026-09-26T09:03:45+08:00
L6PijvT6exaVezC2I6Vvg,2026-09-26T09:00:00+08:00,28,0,2026-09-26T09:03:45+08:00
LH8LXZ2I67YVHplh5HTUG,2026-09-26T09:00:00+08:00,21,0,2026-09-26T09:03:45+08:00
NxxWCKb2ITT7AZNRJr62i,2026-09-26T09:00:00+08:00,23,0,2026-09-26T09:03:45+08:00
O0tD3rcKdjI7dYB4ynfr9,2026-09-26T09:00:00+08:00,40,0,2026-09-26T09:03:45+08:00
O8i7stfNTU2DydWZdkUIo,2026-09-26T09:00:00+08:00,23,0,2026-09-26T09:03:45+08:00
RF0gfHIWDuNybfYfPOZgU,2026-09-26T09:00:00+08:00,35,0,2026-09-26T09:03:45+08:00
TAmdBcFXigZ5kPnh97Qju,2026-09-26T09:00:00+08:00,26,0,2026-09-26T09:03:45+08:00
Vg6a1NAMJ9yjL5wmJ4ZnS,2026-09-26T09:00:00+08:00,43,0,2026-09-26T09:03:45+08:00
XE4W6nShDirkLifR7aY2H,2026-09-26T09:00:00+08:00,20,0,2026-09-26T09:03:45+08:00
XcptrxSXxwEMzzOdhC4e8,2026-09-26T09:00:00+08:00,32,0,2026-09-26T09:03:45+08:00
gWsom5XND7y31xUHffKIx,2026-09-26T09:00:00+08:00,25,0,2026-09-26T09:03:45+08:00
hU7dxBlZvxIP6xF1sBF4g,2026-09-26T09:00:00+08:00,42,0,2026-09-26T09:03:45+08:00
jURxKTJdKAknCAn3BdZBu,2026-09-26T09:00:00+08:00,23,0,2026-09-26T09:03:45+08:00
kWpNPgv8vJ7oY5hM0EGBj,2026-09-26T09:00:00+08:00,30,0,2026-09-26T09:03:45+08:00
kvKdTkljhfoINMtsxkLwR,2026-09-26T09:00:00+08:00,32,0,2026-09-26T09:03:45+08:00
lGqA6LMJhSPHrUSA9gCBW,2026-09-26T09:00:00+08:00,29,0,2026-09-26T09:03:45+08:00
mTU4h0cnQo7ZfHBye4laR,2026-09-26T09:00:00+08:00,48,0,2026-09-26T09:03:45+08:00
oGyEo8DlMkhqGwHAHyrX2,2026-09-26T09:00:00+08:00,62,0,2026-09-26T09:03:45+08:00
qBwKt6mp7ouMiEuoQHyrX,2026-09-26T09:00:00+08:00,36,0,2026-09-26T09:03:45+08:00
rSfmQ2HygLUCIJZ4YBXhZ,2026-09-26T09:00:00+08:00,44,0,2026-09-26T09:03:45+08:00
sm9l6v5egLq8LmDAxaD35,2026-09-26T09:00:00+08:00,27,0,2026-09-26T09:03:45+08:00
vmM6pa4n1ZoW3cjsr2i8t,2026-09-26T09:00:00+08:00,23,0,2026-09-26T09:03:45+08:00
yI42qVqT0Klxyp97GlSFv,2026-09-26T09:00:00+08:00,63,0,2026-09-26T09:03:45+08:00
zz7zliifcVF7RjIBrHrWW,2026-09-26T09:00:00+08:00,46,0,2026-09-26T09:03:45+08:00
7pUkepD2XsWDHOO92bNyP,2026-09-26T09:15:00+08:00,49,0,2026-09-26T09:15:49+08:00
AosIo96hMLnNe4cZ5LESn,2026-09-26T09:15:00+08:00,38,0,2026-09-26T09:15:49+08:00
CdGlAWLw4cIllzFlL2be0,2026-09-26T09:15:00+08:00,37,0,2026-09-26T09:15:49+08:00
EcBGtBDRSadwhso2WV0Tk,2026-09-26T09:15:00+08:00,49,0,2026-09-26T09:15:49+08:00
FOoCS3RzGgcLYcRzdOFV1,2026-09-26T09:15:00+08:00,25,0,2026-09-26T09:15:49+08:00
FrQe2ueU3hIaPAAh8snYW,2026-09-26T09:15:00+08:00,35,0,2026-09-26T09:15:49+08:00
L6PijvT6exaVezC2I6Vvg,2026-09-26T09:15:00+08:00,30,0,2026-09-26T09:15:49+08:00
LH8LXZ2I67YVHplh5HTUG,2026-09-26T09:15:00+08:00,18,0,2026-09-26T09:15:49+08:00
NxxWCKb2ITT7AZNRJr62i,2026-09-26T09:15:00+08:00,27,0,2026-09-26T09:15:49+08:00
O0tD3rcKdjI7dYB4ynfr9,2026-09-26T09:15:00+08:00,45,0,2026-09-26T09:15:49+08:00
O8i7stfNTU2DydWZdkUIo,2026-09-26T09:15:00+08:00,26,0,2026-09-26T09:15:49+08:00
RF0gfHIWDuNybfYfPOZgU,2026-09-26T09:15:00+08:00,36,0,2026-09-26T09:15:49+08:00
TAmdBcFXigZ5kPnh97Qju,2026-09-26T09:15:00+08:00,32,0,2026-09-26T09:15:49+08:00
Vg6a1NAMJ9yjL5wmJ4ZnS,2026-09-26T09:15:00+08:00,63,0,2026-09-26T09:15:49+08:00
XE4W6nShDirkLifR7aY2H,2026-09-26T09:15:00+08:00,24,0,2026-09-26T09:15:49+08:00
XcptrxSXxwEMzzOdhC4e8,2026-09-26T09:15:00+08:00,32,0,2026-09-26T09:15:49+08:00
gWsom5XND7y31xUHffKIx,2026-09-26T09:15:00+08:00,25,0,2026-09-26T09:15:49+08:00
hU7dxBlZvxIP6xF1sBF4g,2026-09-26T09:15:00+08:00,47,0,2026-09-26T09:15:49+08:00
jURxKTJdKAknCAn3BdZBu,2026-09-26T09:15:00+08:00,23,0,2026-09-26T09:15:49+08:00
kWpNPgv8vJ7oY5hM0EGBj,2026-09-26T09:15:00+08:00,29,0,2026-09-26T09:15:49+08:00
kvKdTkljhfoINMtsxkLwR,2026-09-26T09:15:00+08:00,42,0,2026-09-26T09:15:49+08:00
lGqA6LMJhSPHrUSA9gCBW,2026-09-26T09:15:00+08:00,31,0,2026-09-26T09:15:49+08:00
mTU4h0cnQo7ZfHBye4laR,2026-09-26T09:15:00+08:00,46,0,2026-09-26T09:15:49+08:00
oGyEo8DlMkhqGwHAHyrX2,2026-09-26T09:15:00+08:00,66,0,2026-09-26T09:15:49+08:00
qBwKt6mp7ouMiEuoQHyrX,2026-09-26T09:15:00+08:00,36,0,2026-09-26T09:15:49+08:00
rSfmQ2HygLUCIJZ4YBXhZ,2026-09-26T09:15:00+08:00,29,0,2026-09-26T09:15:49+08:00
sm9l6v5egLq8LmDAxaD35,2026-09-26T09:15:00+08:00,30,0,2026-09-26T09:15:49+08:00
vmM6pa4n1ZoW3cjsr2i8t,2026-09-26T09:15:00+08:00,23,0,2026-09-26T09:15:49+08:00
yI42qVqT0Klxyp97GlSFv,2026-09-26T09:15:00+08:00,63,0,2026-09-26T09:15:49+08:00
zz7zliifcVF7RjIBrHrWW,2026-09-26T09:15:00+08:00,46,0,2026-09-26T09:15:49+08:00
7pUkepD2XsWDHOO92bNyP,2026-09-26T09:30:00+08:00,60,0,2026-09-26T09:31:53+08:00
AosIo96hMLnNe4cZ5LESn,2026-09-26T09:30:00+08:00,38,0,2026-09-26T09:31:53+08:00
CdGlAWLw4cIllzFlL2be0,2026-09-26T09:30:00+08:00,43,0,2026-09-26T09:31:53+08:00
EcBGtBDRSadwhso2WV0Tk,2026-09-26T09:30:00+08:00,62,0,2026-09-26T09:31:53+08:00
FOoCS3RzGgcLYcRzdOFV1,2026-09-26T09:30:00+08:00,24,0,2026-09-26T09:31:53+08:00
FrQe2ueU3hIaPAAh8snYW,2026-09-26T09:30:00+08:00,38,0,2026-09-26T09:31:53+08:00
L6PijvT6exaVezC2I6Vvg,2026-09-26T09:30:00+08:00,33,0,2026-09-26T09:31:53+08:00
LH8LXZ2I67YVHplh5HTUG,2026-09-26T09:30:00+08:00,15,0,2026-09-26T09:31:53+08:00
NxxWCKb2ITT7AZNRJr62i,2026-09-26T09:30:00+08:00,25,0,2026-09-26T09:31:53+08:00
O0tD3rcKdjI7dYB4ynfr9,2026-09-26T09:30:00+08:00,40,0,2026-09-26T09:31:53+08:00
O8i7stfNTU2DydWZdkUIo,2026-09-26T09:30:00+08:00,26,0,2026-09-26T09:31:53+08:00
RF0gfHIWDuNybfYfPOZgU,2026-09-26T09:30:00+08:00,38,0,2026-09-26T09:31:53+08:00
TAmdBcFXigZ5kPnh97Qju,2026-09-26T09:30:00+08:00,44,0,2026-09-26T09:31:53+08:00
Vg6a1NAMJ9yjL5wmJ4ZnS,2026-09-26T09:30:00+08:00,47,0,2026-09-26T09:31:53+08:00
XE4W6nShDirkLifR7aY2H,2026-09-26T09:30:00+08:00,27,0,2026-09-26T09:31:53+08:00
XcptrxSXxwEMzzOdhC4e8,2026-09-26T09:30:00+08:00,32,0,2026-09-26T09:31:53+08:00
gWsom5XND7y31xUHffKIx,2026-09-26T09:30:00+08:00,28,0,2026-09-26T09:31:53+08:00
hU7dxBlZvxIP6xF1sBF4g,2026-09-26T09:30:00+08:00,48,0,2026-09-26T09:31:53+08:00
jURxKTJdKAknCAn3BdZBu,2026-09-26T09:30:00+08:00,26,0,2026-09-26T09:31:53+08:00
kWpNPgv8vJ7oY5hM0EGBj,2026-09-26T09:30:00+08:00,31,0,2026-09-26T09:31:53+08:00
kvKdTkljhfoINMtsxkLwR,2026-09-26T09:30:00+08:00,41,0,2026-09-26T09:31:53+08:00
lGqA6LMJhSPHrUSA9gCBW,2026-09-26T09:30:00+08:00,28,0,2026-09-26T09:31:53+08:00
mTU4h0cnQo7ZfHBye4laR,2026-09-26T09:30:00+08:00,51,0,2026-09-26T09:31:53+08:00
oGyEo8DlMkhqGwHAHyrX2,2026-09-26T09:30:00+08:00,65,0,2026-09-26T09:31:53+08:00
qBwKt6mp7ouMiEuoQHyrX,2026-09-26T09:30:00+08:00,37,0,2026-09-26T09:31:53+08:00
rSfmQ2HygLUCIJZ4YBXhZ,2026-09-26T09:30:00+08:00,36,0,2026-09-26T09:31:53+08:00
sm9l6v5egLq8LmDAxaD35,2026-09-26T09:30:00+08:00,34,0,2026-09-26T09:31:53+08:00
vmM6pa4n1ZoW3cjsr2i8t,2026-09-26T09:30:00+08:00,24,0,2026-09-26T09:31:53+08:00
yI42qVqT0Klxyp97GlSFv,2026-09-26T09:30:00+08:00,65,0,2026-09-26T09:31:53+08:00
zz7zliifcVF7RjIBrHrWW,2026-09-26T09:30:00+08:00,43,0,2026-09-26T09:31:53+08:00
7pUkepD2XsWDHOO92bNyP,2026-09-26T09:45:00+08:00,49,0,2026-09-26T09:47:57+08:00
AosIo96hMLnNe4cZ5LESn,2026-09-26T09:45:00+08:00,38,0,2026-09-26T09:47:57+08:00
CdGlAWLw4cIllzFlL2be0,2026-09-26T09:45:00+08:00,39,0,2026-09-26T09:47:57+08:00
EcBGtBDRSadwhso2WV0Tk,2026-09-26T09:45:00+08:00,57,0,2026-09-26T09:47:57+08:00
FOoCS3RzGgcLYcRzdOFV1,2026-09-26T09:45:00+08:00,19,0,2026-09-26T09:47:57+08:00
FrQe2ueU3hIaPAAh8snYW,2026-09-26T09:45:00+08:00,35,0,2026-09-26T09:47:57+08:00
L6PijvT6exaVezC2I6Vvg,2026-09-26T09:45:00+08:00,34,0,2026-09-26T09:47:57+08:00
LH8LXZ2I67YVHplh5HTUG,2026-09-26T09:45:00+08:00,15,0,2026-09-26T09:47:57+08:00
NxxWCKb2ITT7AZNRJr62i,2026-09-26T09:45:00+08:00,20,0,2026-09-26T09:47:57+08:00
O0tD3rcKdjI7dYB4ynfr9,2026-09-26T09:45:00+08:00,42,0,2026-09-26T09:47:57+08:00
O8i7stfNTU2DydWZdkUIo,2026-09-26T09:45:00+08:00,29,0,2026-09-26T09:47:57+08:00
RF0gfHIWDuNybfYfPOZgU,2026-09-26T09:45:00+08:00,44,0,2026-09-26T09:47:57+08:00
TAmdBcFXigZ5kPnh97Qju,2026-09-26T09:45:00+08:00,42,0,2026-09-26T09:47:57+08:00
Vg6a1NAMJ9yjL5wmJ4ZnS,2026-09-26T09:45:00+08:00,43,0,2026-09-26T09:47:57+08:00
XE4W6nShDirkLifR7aY2H,2026-09-26T09:45:00+08:00,31,0,2026-09-26T09:47:57+08:00
XcptrxSXxwEMzzOdhC4e8,2026-09-26T09:45:00+08:00,33,0,2026-09-26T09:47:57+08:00
gWsom5XND7y31xUHffKIx,2026-09-26T09:45:00+08:00,32,0,2026-09-26T09:47:57+08:00
hU7dxBlZvxIP6xF1sBF4g,2026-09-26T09:45:00+08:00,48,0,2026-09-26T09:47:57+08:00
jURxKTJdKAknCAn3BdZBu,2026-09-26T09:45:00+08:00,24,0,2026-09-26T09:47:57+08:00
kWpNPgv8vJ7oY5hM0EGBj,2026-09-26T09:45:00+08:00,34,0,2026-09-26T09:47:57+08:00
kvKdTkljhfoINMtsxkLwR,2026-09-26T09:45:00+08:00,40,0,2026-09-26T09:47:57+08:00
lGqA6LMJhSPHrUSA9gCBW,2026-09-26T09:45:00+08:00,30,0,2026-09-26T09:47:57+08:00
mTU4h0cnQo7ZfHBye4laR,2026-09-26T09:45:00+08:00,58,0,2026-09-26T09:47:57+08:00
oGyEo8DlMkhqGwHAHyrX2,2026-09-26T09:45:00+08:00,69,0,2026-09-26T09:47:57+08:00
qBwKt6mp7ouMiEuoQHyrX,2026-09-26T09:45:00+08:00,38,0,2026-09-26T09:47:57+08:00
rSfmQ2HygLUCIJZ4YBXhZ,2026-09-26T09:45:00+08:00,47,0,2026-09-26T09:47:57+08:00
sm9l6v5egLq8LmDAxaD35,2026-09-26T09:45:00+08:00,32,0,2026-09-26T09:47:57+08:00
vmM6pa4n1ZoW3cjsr2i8t,2026-09-26T09:45:00+08:00,26,0,2026-09-26T09:47:57+08:00
yI42qVqT0Klxyp97GlSFv,2026-09-26T09:45:00+08:00,65,0,2026-09-26T09:47:57+08:00
zz7zliifcVF7RjIBrHrWW,2026-09-26T09:45:00+08:00,38,0,2026-09-26T09:47:57+08:00
7pUkepD2XsWDHOO92bNyP,2026-09-26T10:00:00+08:00,52,0,2026-09-26T10:00:01+08:00
AosIo96hMLnNe4cZ5LESn,2026-09-26T10:00:00+08:00,36,0,2026-09-26T10:00:01+08:00
CdGlAWLw4cIllzFlL2be0,2026-09-26T10:00:00+08:00,40,0,2026-09-26T10:00:01+08:00
EcBGtBDRSadwhso2WV0Tk,2026-09-26T10:00:00+08:00,61,0,2026-09-26T10:00:01+08:00
FOoCS3RzGgcLYcRzdOFV1,2026-09-26T10:00:00+08:00,13,0,2026-09-26T10:00:01+08:00
FrQe2ueU3hIaPAAh8snYW,2026-09-26T10:00:00+08:00,38,0,2026-09-26T10:00:01+08:00
L6PijvT6exaVezC2I6Vvg,2026-09-26T10:00:00+08:00,35,0,2026-09-26T10:00:01+08:00
LH8LXZ2I67YVHplh5HTUG,2026-09-26T10:00:00+08:00,16,0,2026-09-26T10:00:01+08:00
NxxWCKb2ITT7AZNRJr62i,2026-09-26T10:00:00+08:00,35,0,2026-09-26T10:00:01+08:00
O0tD3rcKdjI7dYB4ynfr9,2026-09-26T10:00:00+08:00,48,0,2026-09-26T10:00:01+08:00
O8i7stfNTU2DydWZdkUIo,2026-09-26T10:00:00+08:00,32,0,2026-09-26T10:00:01+08:00
RF0gfHIWDuNybfYfPOZgU,2026-09-26T10:00:00+08:00,41,0,2026-09-26T10:00:01+08:00
TAmdBcFXigZ5kPnh97Qju,2026-09-26T10:00:00+08:00,36,0,2026-09-26T10:00:01+08:00
Vg6a1NAMJ9yjL5wmJ4ZnS,2026-09-26T10:00:00+08:00,43,0,2026-09-26T10:00:01+08:00
XE4W6nShDirkLifR7aY2H,2026-09-26T10:00:00+08:00,47,0,2026-09-26T10:00:01+08:00
XcptrxSXxwEMzzOdhC4e8,2026-09-26T10:00:00+08:00,32,0,2026-09-26T10:00:01+08:00
gWsom5XND7y31xUHffKIx,2026-09-26T10:00:00+08:00,33,0,2026-09-26T10:00:01+08:00
hU7dxBlZvxIP6xF1sBF4g,2026-09-26T10:00:00+08:00,50,0,2026-09-26T10:00:01+08:00
jURxKTJdKAknCAn3BdZBu,2026-09-26T10:00:00+08:00,29,0,2026-09-26T10:00:01+08:00
kWpNPgv8vJ7oY5hM0EGBj,2026-09-26T10:00:00+08:00,37,0,2026-09-26T10:00:01+08:00
kvKdTkljhfoINMtsxkLwR,2026-09-26T10:00:00+08:00,44,0,2026-09-26T10:00:01+08:00
lGqA6LMJhSPHrUSA9gCBW,2026-09-26T10:00:00+08:00,30,0,2026-09-26T10:00:01+08:00
mTU4h0cnQo7ZfHBye4laR,2026-09-26T10:00:00+08:00,54,0,2026-09-26T10:00:01+08:00
oGyEo8DlMkhqGwHAHyrX2,2026-09-26T10:00:00+08:00,62,0,2026-09-26T10:00:01+08:00
qBwKt6mp7ouMiEuoQHyrX,2026-09-26T10:00:00+08:00,42,0,2026-09-26T10:00:01+08:00
rSfmQ2HygLUCIJZ4YBXhZ,2026-09-26T10:00:00+08:00,47,0,2026-09-26T10:00:01+08:00
sm9l6v5egLq8LmDAxaD35,2026-09-26T10:00:00+08:00,34,0,2026-09-26T10:00:01+08:00
vmM6pa4n1ZoW3cjsr2i8t,2026-09-26T10:00:00+08:00,26,0,2026-09-26T10:00:01+08:00
yI42qVqT0Klxyp97GlSFv,2026-09-26T10:00:00+08:00,55,0,2026-09-26T10:00:01+08:00
zz7zliifcVF7RjIBrHrWW,2026-09-26T10:00:00+08:00,46,0,2026-09-26T10:00:01+08:00
7pUkepD2XsWDHOO92bNyP,2026-09-26T10:15:00+08:00,49,0,2026-09-26T10:16:06+08:00
AosIo96hMLnNe4cZ5LESn,2026-09-26T10:15:00+08:00,37,0,2026-09-26T10:16:06+08:00
CdGlAWLw4cIllzFlL2be0,2026-09-26T10:15:00+08:00,42,0,2026-09-26T10:16:06+08:00
EcBGtBDRSadwhso2WV0Tk,2026-09-26T10:15:00+08:00,64,0,2026-09-26T10:16:06+08:00
FOoCS3RzGgcLYcRzdOFV1,2026-09-26T10:15:00+08:00,13,0,2026-09-26T10:16:06+08:00
FrQe2ueU3hIaPAAh8snYW,2026-09-26T10:15:00+08:00,37,0,2026-09-26T10:16:06+08:00
L6PijvT6exaVezC2I6Vvg,2026-09-26T10:15:00+08:00,39,0,2026-09-26T10:16:06+08:00
LH8LXZ2I67YVHplh5HTUG,2026-09-26T10:15:00+08:00,18,0,2026-09-26T10:16:06+08:00
NxxWCKb2ITT7AZNRJr62i,2026-09-26T10:15:00+08:00,48,0,2026-09-26T10:16:06+08:00
O0tD3rcKdjI7dYB4ynfr9,2026-09-26T10:15:00+08:00,53,0,2026-09-26T10:16:06+08:00
O8i7stfNTU2DydWZdkUIo,2026-09-26T10:15:00+08:00,34,0,2026-09-26T10:16:06+08:00
RF0gfHIWDuNybfYfPOZgU,2026-09-26T10:15:00+08:00,44,0,2026-09-26T10:16:06+08:00
TAmdBcFXigZ5kPnh97Qju,2026-09-26T10:15:00+08:00,45,0,2026-09-26T10:16:06+08:00
Vg6a1NAMJ9yjL5wmJ4ZnS,2026-09-26T10:15:00+08:00,43,0,2026-09-26T10:16:06+08:00
XE4W6nShDirkLifR7aY2H,2026-09-26T10:15:00+08:00,49,0,2026-09-26T10:16:06+08:00
XcptrxSXxwEMzzOdhC4e8,2026-09-26T10:15:00+08:00,31,0,2026-09-26T10:16:06+08:00
gWsom5XND7y31xUHffKIx,2026-09-26T10:15:00+08:00,28,0,2026-09-26T10:16:06+08:00
hU7dxBlZvxIP6xF1sBF4g,2026-09-26T10:15:00+08:00,49,0,2026-09-26T10:16:06+08:00
jURxKTJdKAknCAn3BdZBu,2026-09-26T10:15:00+08:00,31,0,2026-09-26T10:16:06+08:00
kWpNPgv8vJ7oY5hM0EGBj,2026-09-26T10:15:00+08:00,32,0,2026-09-26T10:16:06+08:00
kvKdTkljhfoINMtsxkLwR,2026-09-26T10:15:00+08:00,47,0,2026-09-26T10:16:06+08:00
lGqA6LMJhSPHrUSA9gCBW,2026-09-26T10:15:00+08:00,32,0,2026-09-26T10:16:06+08:00
mTU4h0cnQo7ZfHBye4laR,2026-09-26T10:15:00+08:00,58,0,2026-09-26T10:16:06+08:00
oGyEo8DlMkhqGwHAHyrX2,2026-09-26T10:15:00+08:00,62,0,2026-09-26T10:16:06+08:00
qBwKt6mp7ouMiEuoQHyrX,2026-09-26T10:15:00+08:00,48,0,2026-09-26T10:16:06+08:00
rSfmQ2HygLUCIJZ4YBXhZ,2026-09-26T10:15:00+08:00,51,0,2026-09-26T10:16:06+08:00
sm9l6v5egLq8LmDAxaD35,2026-09-26T10:15:00+08:00,30,0,2026-09-26T10:16:06+08:00
vmM6pa4n1ZoW3cjsr2i8t,2026-09-26T10:15:00+08:00,27,0,2026-09-26T10:16:06+08:00
yI42qVqT0Klxyp97GlSFv,2026-09-26T10:15:00+08:00,63,0,2026-09-26T10:16:06+08:00
zz7zliifcVF7RjIBrHrWW,2026-09-26T10:15:00+08:00,46,0,2026-09-26T10:16:06+08:00
7pUkepD2XsWDHOO92bNyP,2026-09-26T10:30:00+08:00,58,0,2026-09-26T10:32:10+08:00
AosIo96hMLnNe4cZ5LESn,2026-09-26T10:30:00+08:00,34,0,2026-09-26T10:32:10+08:00
CdGlAWLw4cIllzFlL2be0,2026-09-26T10:30:00+08:00,41,0,2026-09-26T10:32:10+08:00
EcBGtBDRSadwhso2WV0Tk,2026-09-26T10:30:00+08:00,62,0,2026-09-26T10:32:10+08:00
FOoCS3RzGgcLYcRzdOFV1,2026-09-26T10:30:00+08:00,20,0,2026-09-26T10:32:10+08:00
FrQe2ueU3hIaPAAh8snYW,2026-09-26T10:30:00+08:00,42,0,2026-09-26T10:32:10+08:00
L6PijvT6exaVezC2I6Vvg,2026-09-26T10:30:00+08:00,33,0,2026-09-26T10:32:10+08:00
LH8LXZ2I67YVHplh5HTUG,2026-09-26T10:30:00+08:00,22,0,2026-09-26T10:32:10+08:00
NxxWCKb2ITT7AZNRJr62i,2026-09-26T10:30:00+08:00,45,0,2026-09-26T10:32:10+08:00
O0tD3rcKdjI7dYB4ynfr9,2026-09-26T10:30:00+08:00,53,0,2026-09-26T10:32:10+08:00
O8i7stfNTU2DydWZdkUIo,2026-09-26T10:30:00+08:00,37,0,2026-09-26T10:32:10+08:00
RF0gfHIWDuNybfYfPOZgU,2026-09-26T10:30:00+08:00,39,0,2026-09-26T10:32:10+08:00
TAmdBcFXigZ5kPnh97Qju,2026-09-26T10:30:00+08:00,49,0,2026-09-26T10:32:10+08:00
Vg6a1NAMJ9yjL5wmJ4ZnS,2026-09-26T10:30:00+08:00,40,0,2026-09-26T10:32:10+08:00
XE4W6nShDirkLifR7aY2H,2026-09-26T10:30:00+08:00,33,0,2026-09-26T10:32:10+08:00
XcptrxSXxwEMzzOdhC4e8,2026-09-26T10:30:00+08:00,31,0,2026-09-26T10:32:10+08:00
gWsom5XND7y31xUHffKIx,2026-09-26T10:30:00+08:00,28,0,2026-09-26T10:32:10+08:00
hU7dxBlZvxIP6xF1sBF4g,2026-09-26T10:30:00+08:00,53,0,2026-09-26T10:32:10+08:00
jURxKTJdKAknCAn3BdZBu,2026-09-26T10:30:00+08:00,27,0,2026-09-26T10:32:10+08:00
kWpNPgv8vJ7oY5hM0EGBj,2026-09-26T10:30:00+08:00,31,0,2026-09-26T10:32:10+08:00
kvKdTkljhfoINMtsxkLwR,2026-09-26T10:30:00+08:00,47,0,2026-09-26T10:32:10+08:00
lGqA6LMJhSPHrUSA9gCBW,2026-09-26T10:30:00+08:00,38,0,2026-09-26T10:32:10+08:00
mTU4h0cnQo7ZfHBye4laR,2026-09-26T10:30:00+08:00,57,0,2026-09-26T10:32:10+08:00
oGyEo8DlMkhqGwHAHyrX2,2026-09-26T10:30:00+08:00,52,0,2026-09-26T10:32:10+08:00
qBwKt6mp7ouMiEuoQHyrX,2026-09-26T10:30:00+08:00,47,0,2026-09-26T10:32:10+08:00
rSfmQ2HygLUCIJZ4YBXhZ,2026-09-26T10:30:00+08:00,47,0,2026-09-26T10:32:10+08:00
sm9l6v5egLq8LmDAxaD35,2026-09-26T10:30:00+08:00,23,0,2026-09-26T10:32:10+08:00
vmM6pa4n1ZoW3cjsr2i8t,2026-09-26T10:30:00+08:00,24,0,2026-09-26T10:32:10+08:00
yI42qVqT0Klxyp97GlSFv,2026-09-26T10:30:00+08:00,63,0,2026-09-26T10:32:10+08:00
zz7zliifcVF7RjIBrHrWW,2026-09-26T10:30:00+08:00,46,0,2026-09-26T10:32:10+08:00
7pUkepD2XsWDHOO92bNyP,2026-09-26T10:45:00+08:00,63,0,2026-09-26T10:48:14+08:00
AosIo96hMLnNe4cZ5LESn,2026-09-26T10:45:00+08:00,41,0,2026-09-26T10:48:14+08:00
CdGlAWLw4cIllzFlL2be0,2026-09-26T10:45:00+08:00,41,0,2026-09-26T10:48:14+08:00
EcBGtBDRSadwhso2WV0Tk,2026-09-26T10:45:00+08:00,62,0,2026-09-26T10:48:14+08:00
FOoCS3RzGgcLYcRzdOFV1,2026-09-26T10:45:00+08:00,21,0,2026-09-26T10:48:14+08:00
FrQe2ueU3hIaPAAh8snYW,2026-09-26T10:45:00+08:00,32,0,2026-09-26T10:48:14+08:00
L6PijvT6exaVezC2I6Vvg,2026-09-26T10:45:00+08:00,34,0,2026-09-26T10:48:14+08:00
LH8LXZ2I67YVHplh5HTUG,2026-09-26T10:45:00+08:00,26,0,2026-09-26T10:48:14+08:00
NxxWCKb2ITT7AZNRJr62i,2026-09-26T10:45:00+08:00,48,0,2026-09-26T10:48:14+08:00
O0tD3rcKdjI7dYB4ynfr9,2026-09-26T10:45:00+08:00,65,0,2026-09-26T10:48:14+08:00
O8i7stfNTU2DydWZdkUIo,2026-09-26T10:45:00+08:00,39,0,2026-09-26T10:48:14+08:00
RF0gfHIWDuNybfYfPOZgU,2026-09-26T10:45:00+08:00,42,0,2026-09-26T10:48:14+08:00
TAmdBcFXigZ5kPnh97Qju,2026-09-26T10:45:00+08:00,45,0,2026-09-26T10:48:14+08:00
Vg6a1NAMJ9yjL5wmJ4ZnS,2026-09-26T10:45:00+08:00,43,0,2026-09-26T10:48:14+08:00
XE4W6nShDirkLifR7aY2H,2026-09-26T10:45:00+08:00,40,0,2026-09-26T10:48:14+08:00
XcptrxSXxwEMzzOdhC4e8,2026-09-26T10:45:00+08:00,27,0,2026-09-26T10:48:14+08:00
gWsom5XND7y31xUHffKIx,2026-09-26T10:45:00+08:00,25,0,2026-09-26T10:48:14+08:00
hU7dxBlZvxIP6xF1sBF4g,2026-09-26T10:45:00+08:00,54,0,2026-09-26T10:48:14+08:00
jURxKTJdKAknCAn3BdZBu,2026-09-26T10:45:00+08:00,29,0,2026-09-26T10:48:14+08:00
kWpNPgv8vJ7oY5hM0EGBj,2026-09-26T10:45:00+08:00,35,0,2026-09-26T10:48:14+08:00
kvKdTkljhfoINMtsxkLwR,2026-09-26T10:45:00+08:00,48,0,2026-09-26T10:48:14+08:00
lGqA6LMJhSPHrUSA9gCBW,2026-09-26T10:45:00+08:00,39,0,2026-09-26T10:48:14+08:00
mTU4h0cnQo7ZfHBye4laR,2026-09-26T10:45:00+08:00,52,0,2026-09-26T10:48:14+08:00
oGyEo8DlMkhqGwHAHyrX2,2026-09-26T10:45:00+08:00,50,0,2026-09-26T10:48:14+08:00
qBwKt6mp7ouMiEuoQHyrX,2026-09-26T10:45:00+08:00,49,0,2026-09-26T10:48:14+08:00
rSfmQ2HygLUCIJZ4YBXhZ,2026-09-26T10:45:00+08:00,50,0,2026-09-26T10:48:14+08:00
sm9l6v5egLq8LmDAxaD35,2026-09-26T10:45:00+08:00,29,0,2026-09-26T10:48:14+08:00
vmM6pa4n1ZoW3cjsr2i8t,2026-09-26T10:45:00+08:00,26,0,2026-09-26T10:48:14+08:00
yI42qVqT0Klxyp97GlSFv,2026-09-26T10:45:00+08:00,45,0,2026-09-26T10:48:14+08:00
zz7zliifcVF7RjIBrHrWW,2026-09-26T10:45:00+08:00,46,0,2026-09-26T10:48:14+08:00
7pUkepD2XsWDHOO92bNyP,2026-09-26T11:00:00+08:00,63,0,2026-09-26T11:00:18+08:00
AosIo96hMLnNe4cZ5LESn,2026-09-26T11:00:00+08:00,43,0,2026-09-26T11:00:18+08:00
CdGlAWLw4cIllzFlL2be0,2026-09-26T11:00:00+08:00,41,0,2026-09-26T11:00:18+08:00
EcBGtBDRSadwhso2WV0Tk,2026-09-26T11:00:00+08:00,62,0,2026-09-26T11:00:18+08:00
FOoCS3RzGgcLYcRzdOFV1,2026-09-26T11:00:00+08:00,23,0,2026-09-26T11:00:18+08:00
FrQe2ueU3hIaPAAh8snYW,2026-09-26T11:00:00+08:00,34,0,2026-09-26T11:00:18+08:00
L6PijvT6exaVezC2I6Vvg,2026-09-26T11:00:00+08:00,39,0,2026-09-26T11:00:18+08:00
LH8LXZ2I67YVHplh5HTUG,2026-09-26T11:00:00+08:00,27,0,2026-09-26T11:00:18+08:00
NxxWCKb2ITT7AZNRJr62i,2026-09-26T11:00:00+08:00,50,0,2026-09-26T11:00:18+08:00
O0tD3rcKdjI7dYB4ynfr9,2026-09-26T11:00:00+08:00,62,0,2026-09-26T11:00:18+08:00
O8i7stfNTU2DydWZdkUIo,2026-09-26T11:00:00+08:00,37,0,2026-09-26T11:00:18+08:00
RF0gfHIWDuNybfYfPOZgU,2026-09-26T11:00:00+08:00,41,0,2026-09-26T11:00:18+08:00
TAmdBcFXigZ5kPnh97Qju,2026-09-26T11:00:00+08:00,47,0,2026-09-26T11:00:18+08:00
Vg6a1NAMJ9yjL5wmJ4ZnS,2026-09-26T11:00:00+08:00,43,0,2026-09-26T11:00:18+08:00
XE4W6nShDirkLifR7aY2H,2026-09-26T11:00:00+08:00,29,0,2026-09-26T11:00:18+08:00
XcptrxSXxwEMzzOdhC4e8,2026-09-26T11:00:00+08:00,27,0,2026-09-26T11:00:18+08:00
gWsom5XND7y31xUHffKIx,2026-09-26T11:00:00+08:00,24,0,2026-09-26T11:00:18+08:00
hU7dxBlZvxIP6xF1sBF4g,2026-09-26T11:00:00+08:00,61,0,2026-09-26T11:00:18+08:00
jURxKTJdKAknCAn3BdZBu,2026-09-26T11:00:00+08:00,27,0,2026-09-26T11:00:18+08:00
kWpNPgv8vJ7oY5hM0EGBj,2026-09-26T11:00:00+08:00,36,0,2026-09-26T11:00:18+08:00
kvKdTkljhfoINMtsxkLwR,2026-09-26T11:00:00+08:00,49,0,2026-09-26T11:00:18+08:00
lGqA6LMJhSPHrUSA9gCBW,2026-09-26T11:00:00+08:00,44,0,2026-09-26T11:00:18+08:00
mTU4h0cnQo7ZfHBye4laR,2026-09-26T11:00:00+08:00,51,0,2026-09-26T11:00:18+08:00
oGyEo8DlMkhqGwHAHyrX2,2026-09-26T11:00:00+08:00,50,0,2026-09-26T11:00:18+08:00
qBwKt6mp7ouMiEuoQHyrX,2026-09-26T11:00:00+08:00,49,0,2026-09-26T11:00:18+08:00
rSfmQ2HygLUCIJZ4YBXhZ,2026-09-26T11:00:00+08:00,50,0,2026-09-26T11:00:18+08:00
sm9l6v5egLq8LmDAxaD35,2026-09-26T11:00:00+08:00,32,0,2026-09-26T11:00:18+08:00
vmM6pa4n1ZoW3cjsr2i8t,2026-09-26T11:00:00+08:00,26,0,2026-09-26T11:00:18+08:00
yI42qVqT0Klxyp97GlSFv,2026-09-26T11:00:00+08:00,45,0,2026-09-26T11:00:18+08:00
zz7zliifcVF7RjIBrHrWW,2026-09-26T11:00:00+08:00,46,0,2026-09-26T11:00:18+08:00
7pUkepD2XsWDHOO92bNyP,2026-09-26T11:15:00+08:00,75,0,2026-09-26T11:16:22+08:00
AosIo96hMLnNe4cZ5LESn,2026-09-26T11:15:00+08:00,43,0,2026-09-26T11:16:22+08:00
CdGlAWLw4cIllzFlL2be0,2026-09-26T11:15:00+08:00,41,0,2026-09-26T11:16:22+08:00
EcBGtBDRSadwhso2WV0Tk,2026-09-26T11:15:00+08:00,62,0,2026-09-26T11:16:22+08:00
FOoCS3RzGgcLYcRzdOFV1,2026-09-26T11:15:00+08:00,24,0,2026-09-26T11:16:22+08:00
FrQe2ueU3hIaPAAh8snYW,2026-09-26T11:15:00+08:00,32,0,2026-09-26T11:16:22+08:00
L6PijvT6exaVezC2I6Vvg,2026-09-26T11:15:00+08:00,37,0,2026-09-26T11:16:22+08:00
LH8LXZ2I67YVHplh5HTUG,2026-09-26T11:15:00+08:00,28,0,2026-09-26T11:16:22+08:00
NxxWCKb2ITT7AZNRJr62i,2026-09-26T11:15:00+08:00,30,0,2026-09-26T11:16:22+08:00
O0tD3rcKdjI7dYB4ynfr9,2026-09-26T11:15:00+08:00,60,0,2026-09-26T11:16:22+08:00
O8i7stfNTU2DydWZdkUIo,2026-09-26T11:15:00+08:00,39,0,2026-09-26T11:16:22+08:00
RF0gfHIWDuNybfYfPOZgU,2026-09-26T11:15:00+08:00,48,0,2026-09-26T11:16:22+08:00
TAmdBcFXigZ5kPnh97Qju,2026-09-26T11:15:00+08:00,51,0,2026-09-26T11:16:22+08:00
Vg6a1NAMJ9yjL5wmJ4ZnS,2026-09-26T11:15:00+08:00,53,0,2026-09-26T11:16:22+08:00
XE4W6nShDirkLifR7aY2H,2026-09-26T11:15:00+08:00,33,0,2026-09-26T11:16:22+08:00
XcptrxSXxwEMzzOdhC4e8,2026-09-26T11:15:00+08:00,28,0,2026-09-26T11:16:22+08:00
gWsom5XND7y31xUHffKIx,2026-09-26T11:15:00+08:00,25,0,2026-09-26T11:16:22+08:00
hU7dxBlZvxIP6xF1sBF4g,2026-09-26T11:15:00+08:00,59,0,2026-09-26T11:16:22+08:00
jURxKTJdKAknCAn3BdZBu,2026-09-26T11:15:00+08:00,26,0,2026-09-26T11:16:22+08:00
kWpNPgv8vJ7oY5hM0EGBj,2026-09-26T11:15:00+08:00,35,0,2026-09-26T11:16:22+08:00
kvKdTkljhfoINMtsxkLwR,2026-09-26T11:15:00+08:00,50,0,2026-09-26T11:16:22+08:00
lGqA6LMJhSPHrUSA9gCBW,2026-09-26T11:15:00+08:00,45,0,2026-09-26T11:16:22+08:00
mTU4h0cnQo7ZfHBye4laR,2026-09-26T11:15:00+08:00,54,0,2026-09-26T11:16:22+08:00
oGyEo8DlMkhqGwHAHyrX2,2026-09-26T11:15:00+08:00,54,0,2026-09-26T11:16:22+08:00
qBwKt6mp7ouMiEuoQHyrX,2026-09-26T11:15:00+08:00,54,0,2026-09-26T11:16:22+08:00
rSfmQ2HygLUCIJZ4YBXhZ,2026-09-26T11:15:00+08:00,49,0,2026-09-26T11:16:22+08:00
sm9l6v5egLq8LmDAxaD35,2026-09-26T11:15:00+08:00,32,0,2026-09-26T11:16:22+08:00
vmM6pa4n1ZoW3cjsr2i8t,2026-09-26T11:15:00+08:00,25,0,2026-09-26T11:16:22+08:00
yI42qVqT0Klxyp97GlSFv,2026-09-26T11:15:00+08:00,45,0,2026-09-26T11:16:22+08:00
zz7zliifcVF7RjIBrHrWW,2026-09-26T11:15:00+08:00,48,0,2026-09-26T11:16:22+08:00
7pUkepD2XsWDHOO92bNyP,2026-09-26T11:30:00+08:00,80,0,2026-09-26T11:32:27+08:00
AosIo96hMLnNe4cZ5LESn,2026-09-26T11:30:00+08:00,43,0,2026-09-26T11:32:27+08:00
CdGlAWLw4cIllzFlL2be0,2026-09-26T11:30:00+08:00,45,0,2026-09-26T11:32:27+08:00
EcBGtBDRSadwhso2WV0Tk,2026-09-26T11:30:00+08:00,67,0,2026-09-26T11:32:27+08:00
FOoCS3RzGgcLYcRzdOFV1,2026-09-26T11:30:00+08:00,24,0,2026-09-26T11:32:27+08:00
FrQe2ueU3hIaPAAh8snYW,2026-09-26T11:30:00+08:00,30,0,2026-09-26T11:32:27+08:00
L6PijvT6exaVezC2I6Vvg,2026-09-26T11:30:00+08:00,36,0,2026-09-26T11:32:27+08:00
LH8LXZ2I67YVHplh5HTUG,2026-09-26T11:30:00+08:00,26,0,2026-09-26T11:32:27+08:00
NxxWCKb2ITT7AZNRJr62i,2026-09-26T11:30:00+08:00,27,0,2026-09-26T11:32:27+08:00
O0tD3rcKdjI7dYB4ynfr9,2026-09-26T11:30:00+08:00,62,0,2026-09-26T11:32:27+08:00
O8i7stfNTU2DydWZdkUIo,2026-09-26T11:30:00+08:00,34,0,2026-09-26T11:32:27+08:00
RF0gfHIWDuNybfYfPOZgU,2026-09-26T11:30:00+08:00,45,0,2026-09-26T11:32:27+08:00
TAmdBcFXigZ5kPnh97Qju,2026-09-26T11:30:00+08:00,55,0,2026-09-26T11:32:27+08:00
Vg6a1NAMJ9yjL5wmJ4ZnS,2026-09-26T11:30:00+08:00,53,0,2026-09-26T11:32:27+08:00
XE4W6nShDirkLifR7aY2H,2026-09-26T11:30:00+08:00,29,0,2026-09-26T11:32:27+08:00
XcptrxSXxwEMzzOdhC4e8,2026-09-26T11:30:00+08:00,28,0,2026-09-26T11:32:27+08:00
gWsom5XND7y31xUHffKIx,2026-09-26T11:30:00+08:00,28,0,2026-09-26T11:32:27+08:00
hU7dxBlZvxIP6xF1sBF4g,2026-09-26T11:30:00+08:00,65,0,2026-09-26T11:32:27+08:00
jURxKTJdKAknCAn3BdZBu,2026-09-26T11:30:00+08:00,29,0,2026-09-26T11:32:27+08:00
kWpNPgv8vJ7oY5hM0EGBj,2026-09-26T11:30:00+08:00,33,0,2026-09-26T11:32:27+08:00
kvKdTkljhfoINMtsxkLwR,2026-09-26T11:30:00+08:00,50,0,2026-09-26T11:32:27+08:00
lGqA6LMJhSPHrUSA9gCBW,2026-09-26T11:30:00+08:00,43,0,2026-09-26T11:32:27+08:00
mTU4h0cnQo7ZfHBye4laR,2026-09-26T11:30:00+08:00,57,0,2026-09-26T11:32:27+08:00
oGyEo8DlMkhqGwHAHyrX2,2026-09-26T11:30:00+08:00,48,0,2026-09-26T11:32:27+08:00
qBwKt6mp7ouMiEuoQHyrX,2026-09-26T11:30:00+08:00,56,0,2026-09-26T11:32:27+08:00
rSfmQ2HygLUCIJZ4YBXhZ,2026-09-26T11:30:00+08:00,44,0,2026-09-26T11:32:27+08:00
sm9l6v5egLq8LmDAxaD35,2026-09-26T11:30:00+08:00,34,0,2026-09-26T11:32:27+08:00
vmM6pa4n1ZoW3cjsr2i8t,2026-09-26T11:30:00+08:00,26,0,2026-09-26T11:32:27+08:00
yI42qVqT0Klxyp97GlSFv,2026-09-26T11:30:00+08:00,50,0,2026-09-26T11:32:27+08:00
zz7zliifcVF7RjIBrHrWW,2026-09-26T11:30:00+08:00,52,0,2026-09-26T11:32:27+08:00
7pUkepD2XsWDHOO92bNyP,2026-09-26T11:45:00+08:00,68,0,2026-09-26T11:48:31+08:00
AosIo96hMLnNe4cZ5LESn,2026-09-26T11:45:00+08:00,44,0,2026-09-26T11:48:31+08:00
CdGlAWLw4cIllzFlL2be0,2026-09-26T11:45:00+08:00,49,0,2026-09-26T11:48:31+08:00
EcBGtBDRSadwhso2WV0Tk,2026-09-26T11:45:00+08:00,61,0,2026-09-26T11:48:31+08:00
FOoCS3RzGgcLYcRzdOFV1,2026-09-26T11:45:00+08:00,24,0,2026-09-26T11:48:31+08:00
FrQe2ueU3hIaPAAh8snYW,2026-09-26T11:45:00+08:00,35,0,2026-09-26T11:48:31+08:00
L6PijvT6exaVezC2I6Vvg,2026-09-26T11:45:00+08:00,37,0,2026-09-26T11:48:31+08:00
LH8LXZ2I67YVHplh5HTUG,2026-09-26T11:45:00+08:00,25,0,2026-09-26T11:48:31+08:00
NxxWCKb2ITT7AZNRJr62i,2026-09-26T11:45:00+08:00,27,0,2026-09-26T11:48:31+08:00
O0tD3rcKdjI7dYB4ynfr9,2026-09-26T11:45:00+08:00,48,0,2026-09-26T11:48:31+08:00
O8i7stfNTU2DydWZdkUIo,2026-09-26T11:45:00+08:00,32,0,2026-09-26T11:48:31+08:00
RF0gfHIWDuNybfYfPOZgU,2026-09-26T11:45:00+08:00,41,0,2026-09-26T11:48:31+08:00
TAmdBcFXigZ5kPnh97Qju,2026-09-26T11:45:00+08:00,50,0,2026-09-26T11:48:31+08:00
Vg6a1NAMJ9yjL5wmJ4ZnS,2026-09-26T11:45:00+08:00,40,0,2026-09-26T11:48:31+08:00
XE4W6nShDirkLifR7aY2H,2026-09-26T11:45:00+08:00,31,0,2026-09-26T11:48:31+08:00
XcptrxSXxwEMzzOdhC4e8,2026-09-26T11:45:00+08:00,25,0,2026-09-26T11:48:31+08:00
gWsom5XND7y31xUHffKIx,2026-09-26T11:45:00+08:00,27,0,2026-09-26T11:48:31+08:00
hU7dxBlZvxIP6xF1sBF4g,2026-09-26T11:45:00+08:00,65,0,2026-09-26T11:48:31+08:00
jURxKTJdKAknCAn3BdZBu,2026-09-26T11:45:00+08:00,31,0,2026-09-26T11:48:31+08:00
kWpNPgv8vJ7oY5hM0EGBj,2026-09-26T11:45:00+08:00,35,0,2026-09-26T11:48:31+08:00
kvKdTkljhfoINMtsxkLwR,2026-09-26T11:45:00+08:00,50,0,2026-09-26T11:48:31+08:00
lGqA6LMJhSPHrUSA9gCBW,2026-09-26T11:45:00+08:00,47,0,2026-09-26T11:48:31+08:00
mTU4h0cnQo7ZfHBye4laR,2026-09-26T11:45:00+08:00,62,0,2026-09-26T11:48:31+08:00
oGyEo8DlMkhqGwHAHyrX2,2026-09-26T11:45:00+08:00,47,0,2026-09-26T11:48:31+08:00
qBwKt6mp7ouMiEuoQHyrX,2026-09-26T11:45:00+08:00,53,0,2026-09-26T11:48:31+08:00
rSfmQ2HygLUCIJZ4YBXhZ,2026-09-26T11:45:00+08:00,49,0,2026-09-26T11:48:31+08:00
sm9l6v5egLq8LmDAxaD35,2026-09-26T11:45:00+08:00,37,0,2026-09-26T11:48:31+08:00
vmM6pa4n1ZoW3cjsr2i8t,2026-09-26T11:45:00+08:00,23,0,2026-09-26T11:48:31+08:00
yI42qVqT0Klxyp97GlSFv,2026-09-26T11:45:00+08:00,55,0,2026-09-26T11:48:31+08:00
zz7zliifcVF7RjIBrHrWW,2026-09-26T11:45:00+08:00,54,0,2026-09-26T11:48:31+08:00
7pUkepD2XsWDHOO92bNyP,2026-09-26T12:00:00+08:00,72,0,2026-09-26T12:00:35+08:00
AosIo96hMLnNe4cZ5LESn,2026-09-26T12:00:00+08:00,41,0,2026-09-26T12:00:35+08:00
CdGlAWLw4cIllzFlL2be0,2026-09-26T12:00:00+08:00,49,0,2026-09-26T12:00:35+08:00
EcBGtBDRSadwhso2WV0Tk,2026-09-26T12:00:00+08:00,57,0,2026-09-26T12:00:35+08:00
FOoCS3RzGgcLYcRzdOFV1,2026-09-26T12:00:00+08:00,26,0,2026-09-26T12:00:35+08:00
FrQe2ueU3hIaPAAh8snYW,2026-09-26T12:00:00+08:00,32,0,2026-09-26T12:00:35+08:00
L6PijvT6exaVezC2I6Vvg,2026-09-26T12:00:00+08:00,39,0,2026-09-26T12:00:35+08:00
LH8LXZ2I67YVHplh5HTUG,2026-09-26T12:00:00+08:00,22,0,2026-09-26T12:00:35+08:00
NxxWCKb2ITT7AZNRJr62i,2026-09-26T12:00:00+08:00,42,0,2026-09-26T12:00:35+08:00
O0tD3rcKdjI7dYB4ynfr9,2026-09-26T12:00:00+08:00,43,0,2026-09-26T12:00:35+08:00
O8i7stfNTU2DydWZdkUIo,2026-09-26T12:00:00+08:00,29,0,2026-09-26T12:00:35+08:00
RF0gfHIWDuNybfYfPOZgU,2026-09-26T12:00:00+08:00,48,0,2026-09-26T12:00:35+08:00
TAmdBcFXigZ5kPnh97Qju,2026-09-26T12:00:00+08:00,45,0,2026-09-26T12:00:35+08:00
Vg6a1NAMJ9yjL5wmJ4ZnS,2026-09-26T12:00:00+08:00,47,0,2026-09-26T12:00:35+08:00
XE4W6nShDirkLifR7aY2H,2026-09-26T12:00:00+08:00,36,0,2026-09-26T12:00:35+08:00
XcptrxSXxwEMzzOdhC4e8,2026-09-26T12:00:00+08:00,27,0,2026-09-26T12:00:35+08:00
gWsom5XND7y31xUHffKIx,2026-09-26T12:00:00+08:00,28,0,2026-09-26T12:00:35+08:00
hU7dxBlZvxIP6xF1sBF4g,2026-09-26T12:00:00+08:00,64,0,2026-09-26T12:00:35+08:00
jURxKTJdKAknCAn3BdZBu,2026-09-26T12:00:00+08:00,32,0,2026-09-26T12:00:35+08:00
kWpNPgv8vJ7oY5hM0EGBj,2026-09-26T12:00:00+08:00,32,0,2026-09-26T12:00:35+08:00
kvKdTkljhfoINMtsxkLwR,2026-09-26T12:00:00+08:00,50,0,2026-09-26T12:00:35+08:00
lGqA6LMJhSPHrUSA9gCBW,2026-09-26T12:00:00+08:00,39,0,2026-09-26T12:00:35+08:00
mTU4h0cnQo7ZfHBye4laR,2026-09-26T12:00:00+08:00,61,0,2026-09-26T12:00:35+08:00
oGyEo8DlMkhqGwHAHyrX2,2026-09-26T12:00:00+08:00,50,0,2026-09-26T12:00:35+08:00
qBwKt6mp7ouMiEuoQHyrX,2026-09-26T12:00:00+08:00,48,0,2026-09-26T12:00:35+08:00
rSfmQ2HygLUCIJZ4YBXhZ,2026-09-26T12:00:00+08:00,43,0,2026-09-26T12:00:35+08:00
sm9l6v5egLq8LmDAxaD35,2026-09-26T12:00:00+08:00,33,0,2026-09-26T12:00:35+08:00
vmM6pa4n1ZoW3cjsr2i8t,2026-09-26T12:00:00+08:00,25,0,2026-09-26T12:00:35+08:00
yI42qVqT0Klxyp97GlSFv,2026-09-26T12:00:00+08:00,53,0,2026-09-26T12:00:35+08:00
zz7zliifcVF7RjIBrHrWW,2026-09-26T12:00:00+08:00,54,0,2026-09-26T12:00:35+08:00
7pUkepD2XsWDHOO92bNyP,2026-09-26T12:15:00+08:00,72,0,2026-09-26T12:16:39+08:00
AosIo96hMLnNe4cZ5LESn,2026-09-26T12:15:00+08:00,38,0,2026-09-26T12:16:39+08:00
CdGlAWLw4cIllzFlL2be0,2026-09-26T12:15:00+08:00,47,0,2026-09-26T12:16:39+08:00
EcBGtBDRSadwhso2WV0Tk,2026-09-26T12:15:00+08:00,38,0,2026-09-26T12:16:39+08:00
FOoCS3RzGgcLYcRzdOFV1,2026-09-26T12:15:00+08:00,24,0,2026-09-26T12:16:39+08:00
FrQe2ueU3hIaPAAh8snYW,2026-09-26T12:15:00+08:00,38,0,2026-09-26T12:16:39+08:00
L6PijvT6exaVezC2I6Vvg,2026-09-26T12:15:00+08:00,36,0,2026-09-26T12:16:39+08:00
LH8LXZ2I67YVHplh5HTUG,2026-09-26T12:15:00+08:00,20,0,2026-09-26T12:16:39+08:00
NxxWCKb2ITT7AZNRJr62i,2026-09-26T12:15:00+08:00,42,0,2026-09-26T12:16:39+08:00
O0tD3rcKdjI7dYB4ynfr9,2026-09-26T12:15:00+08:00,47,0,2026-09-26T12:16:39+08:00
O8i7stfNTU2DydWZdkUIo,2026-09-26T12:15:00+08:00,25,0,2026-09-26T12:16:39+08:00
RF0gfHIWDuNybfYfPOZgU,2026-09-26T12:15:00+08:00,46,0,2026-09-26T12:16:39+08:00
TAmdBcFXigZ5kPnh97Qju,2026-09-26T12:15:00+08:00,42,0,2026-09-26T12:16:39+08:00
Vg6a1NAMJ9yjL5wmJ4ZnS,2026-09-26T12:15:00+08:00,47,0,2026-09-26T12:16:39+08:00
XE4W6nShDirkLifR7aY2H,2026-09-26T12:15:00+08:00,36,0,2026-09-26T12:16:39+08:00
XcptrxSXxwEMzzOdhC4e8,2026-09-26T12:15:00+08:00,33,0,2026-09-26T12:16:39+08:00
gWsom5XND7y31xUHffKIx,2026-09-26T12:15:00+08:00,31,0,2026-09-26T12:16:39+08:00
hU7dxBlZvxIP6xF1sBF4g,2026-09-26T12:15:00+08:00,57,0,2026-09-26T12:16:39+08:00
jURxKTJdKAknCAn3BdZBu,2026-09-26T12:15:00+08:00,32,0,2026-09-26T12:16:39+08:00
kWpNPgv8vJ7oY5hM0EGBj,2026-09-26T12:15:00+08:00,27,0,2026-09-26T12:16:39+08:00
kvKdTkljhfoINMtsxkLwR,2026-09-26T12:15:00+08:00,49,0,2026-09-26T12:16:39+08:00
lGqA6LMJhSPHrUSA9gCBW,2026-09-26T12:15:00+08:00,39,0,2026-09-26T12:16:39+08:00
mTU4h0cnQo7ZfHBye4laR,2026-09-26T12:15:00+08:00,57,0,2026-09-26T12:16:39+08:00
oGyEo8DlMkhqGwHAHyrX2,2026-09-26T12:15:00+08:00,57,0,2026-09-26T12:16:39+08:00
qBwKt6mp7ouMiEuoQHyrX,2026-09-26T12:15:00+08:00,44,0,2026-09-26T12:16:39+08:00
rSfmQ2HygLUCIJZ4YBXhZ,2026-09-26T12:15:00+08:00,44,0,2026-09-26T12:16:39+08:00
sm9l6v5egLq8LmDAxaD35,2026-09-26T12:15:00+08:00,32,0,2026-09-26T12:16:39+08:00
vmM6pa4n1ZoW3cjsr2i8t,2026-09-26T12:15:00+08:00,25,0,2026-09-26T12:16:39+08:00
yI42qVqT0Klxyp97GlSFv,2026-09-26T12:15:00+08:00,40,0,2026-09-26T12:16:39+08:00
zz7zliifcVF7RjIBrHrWW,2026-09-26T12:15:00+08:00,54,0,2026-09-26T12:16:39+08:00
7pUkepD2XsWDHOO92bNyP,2026-09-26T12:30:00+08:00,78,0,2026-09-26T12:32:44+08:00
AosIo96hMLnNe4cZ5LESn,2026-09-26T12:30:00+08:00,36,0,2026-09-26T12:32:44+08:00
CdGlAWLw4cIllzFlL2be0,2026-09-26T12:30:00+08:00,49,0,2026-09-26T12:32:44+08:00
EcBGtBDRSadwhso2WV0Tk,2026-09-26T12:30:00+08:00,40,0,2026-09-26T12:32:44+08:00
FOoCS3RzGgcLYcRzdOFV1,2026-09-26T12:30:00+08:00,21,0,2026-09-26T12:32:44+08:00
FrQe2ueU3hIaPAAh8snYW,2026-09-26T12:30:00+08:00,33,0,2026-09-26T12:32:44+08:00
L6PijvT6exaVezC2I6Vvg,2026-09-26T12:30:00+08:00,40,0,2026-09-26T12:32:44+08:00
LH8LXZ2I67YVHplh5HTUG,2026-09-26T12:30:00+08:00,23,0,2026-09-26T12:32:44+08:00
NxxWCKb2ITT7AZNRJr62i,2026-09-26T12:30:00+08:00,45,0,2026-09-26T12:32:44+08:00
O0tD3rcKdjI7dYB4ynfr9,2026-09-26T12:30:00+08:00,52,0,2026-09-26T12:32:44+08:00
O8i7stfNTU2DydWZdkUIo,2026-09-26T12:30:00+08:00,25,0,2026-09-26T12:32:44+08:00
RF0gfHIWDuNybfYfPOZgU,2026-09-26T12:30:00+08:00,46,0,2026-09-26T12:32:44+08:00
TAmdBcFXigZ5kPnh97Qju,2026-09-26T12:30:00+08:00,40,0,2026-09-26T12:32:44+08:00
Vg6a1NAMJ9yjL5wmJ4ZnS,2026-09-26T12:30:00+08:00,50,0,2026-09-26T12:32:44+08:00
XE4W6nShDirkLifR7aY2H,2026-09-26T12:30:00+08:00,36,0,2026-09-26T12:32:44+08:00
XcptrxSXxwEMzzOdhC4e8,2026-09-26T12:30:00+08:00,31,0,2026-09-26T12:32:44+08:00
gWsom5XND7y31xUHffKIx,2026-09-26T12:30:00+08:00,32,0,2026-09-26T12:32:44+08:00
hU7dxBlZvxIP6xF1sBF4g,2026-09-26T12:30:00+08:00,51,0,2026-09-26T12:32:44+08:00
jURxKTJdKAknCAn3BdZBu,2026-09-26T12:30:00+08:00,29,0,2026-09-26T12:32:44+08:00
kWpNPgv8vJ7oY5hM0EGBj,2026-09-26T12:30:00+08:00,28,0,2026-09-26T12:32:44+08:00
kvKdTkljhfoINMtsxkLwR,2026-09-26T12:30:00+08:00,51,0,2026-09-26T12:32:44+08:00
lGqA6LMJhSPHrUSA9gCBW,2026-09-26T12:30:00+08:00,35,0,2026-09-26T12:32:44+08:00
mTU4h0cnQo7ZfHBye4laR,2026-09-26T12:30:00+08:00,59,0,2026-09-26T12:32:44+08:00
oGyEo8DlMkhqGwHAHyrX2,2026-09-26T12:30:00+08:00,52,0,2026-09-26T12:32:44+08:00
qBwKt6mp7ouMiEuoQHyrX,2026-09-26T12:30:00+08:00,40,0,2026-09-26T12:32:44+08:00
rSfmQ2HygLUCIJZ4YBXhZ,2026-09-26T12:30:00+08:00,43,0,2026-09-26T12:32:44+08:00
sm9l6v5egLq8LmDAxaD35,2026-09-26T12:30:00+08:00,32,0,2026-09-26T12:32:44+08:00
vmM6pa4n1ZoW3cjsr2i8t,2026-09-26T12:30:00+08:00,20,0,2026-09-26T12:32:44+08:00
yI42qVqT0Klxyp97GlSFv,2026-09-26T12:30:00+08:00,40,0,2026-09-26T12:32:44+08:00
zz7zliifcVF7RjIBrHrWW,2026-09-26T12:30:00+08:00,49,0,2026-09-26T12:32:44+08:00
7pUkepD2XsWDHOO92bNyP,2026-09-26T12:45:00+08:00,88,0,2026-09-26T12:48:48+08:00
AosIo96hMLnNe4cZ5LESn,2026-09-26T12:45:00+08:00,35,0,2026-09-26T12:48:48+08:00
CdGlAWLw4cIllzFlL2be0,2026-09-26T12:45:00+08:00,50,0,2026-09-26T12:48:48+08:00
EcBGtBDRSadwhso2WV0Tk,2026-09-26T12:45:00+08:00,36,0,2026-09-26T12:48:48+08:00
FOoCS3RzGgcLYcRzdOFV1,2026-09-26T12:45:00+08:00,21,0,2026-09-26T12:48:48+08:00
FrQe2ueU3hIaPAAh8snYW,2026-09-26T12:45:00+08:00,33,0,2026-09-26T12:48:48+08:00
L6PijvT6exaVezC2I6Vvg,2026-09-26T12:45:00+08:00,43,0,2026-09-26T12:48:48+08:00
LH8LXZ2I67YVHplh5HTUG,2026-09-26T12:45:00+08:00,26,0,2026-09-26T12:48:48+08:00
NxxWCKb2ITT7AZNRJr62i,2026-09-26T12:45:00+08:00,30,0,2026-09-26T12:48:48+08:00
O0tD3rcKdjI7dYB4ynfr9,2026-09-26T12:45:00+08:00,48,0,2026-09-26T12:48:48+08:00
O8i7stfNTU2DydWZdkUIo,2026-09-26T12:45:00+08:00,25,0,2026-09-26T12:48:48+08:00
RF0gfHIWDuNybfYfPOZgU,2026-09-26T12:45:00+08:00,35,0,2026-09-26T12:48:48+08:00
TAmdBcFXigZ5kPnh97Qju,2026-09-26T12:45:00+08:00,43,0,2026-09-26T12:48:48+08:00
Vg6a1NAMJ9yjL5wmJ4ZnS,2026-09-26T12:45:00+08:00,43,0,2026-09-26T12:48:48+08:00
XE4W6nShDirkLifR7aY2H,2026-09-26T12:45:00+08:00,36,0,2026-09-26T12:48:48+08:00
XcptrxSXxwEMzzOdhC4e8,2026-09-26T12:45:00+08:00,31,0,2026-09-26T12:48:48+08:00
gWsom5XND7y31xUHffKIx,2026-09-26T12:45:00+08:00,31,0,2026-09-26T12:48:48+08:00
hU7dxBlZvxIP6xF1sBF4g,2026-09-26T12:45:00+08:00,51,0,2026-09-26T12:48:48+08:00
jURxKTJdKAknCAn3BdZBu,2026-09-26T12:45:00+08:00,25,0,2026-09-26T12:48:48+08:00
kWpNPgv8vJ7oY5hM0EGBj,2026-09-26T12:45:00+08:00,28,0,2026-09-26T12:48:48+08:00
kvKdTkljhfoINMtsxkLwR,2026-09-26T12:45:00+08:00,51,0,2026-09-26T12:48:48+08:00
lGqA6LMJhSPHrUSA9gCBW,2026-09-26T12:45:00+08:00,37,0,2026-09-26T12:48:48+08:00
mTU4h0cnQo7ZfHBye4laR,2026-09-26T12:45:00+08:00,63,0,2026-09-26T12:48:48+08:00
oGyEo8DlMkhqGwHAHyrX2,2026-09-26T12:45:00+08:00,50,0,2026-09-26T12:48:48+08:00
qBwKt6mp7ouMiEuoQHyrX,2026-09-26T12:45:00+08:00,42,0,2026-09-26T12:48:48+08:00
rSfmQ2HygLUCIJZ4YBXhZ,2026-09-26T12:45:00+08:00,43,0,2026-09-26T12:48:48+08:00
sm9l6v5egLq8LmDAxaD35,2026-09-26T12:45:00+08:00,35,0,2026-09-26T12:48:48+08:00
vmM6pa4n1ZoW3cjsr2i8t,2026-09-26T12:45:00+08:00,23,0,2026-09-26T12:48:48+08:00
yI42qVqT0Klxyp97GlSFv,2026-09-26T12:45:00+08:00,50,0,2026-09-26T12:48:48+08:00
zz7zliifcVF7RjIBrHrWW,2026-09-26T12:45:00+08:00,49,0,2026-09-26T12:48:48+08:00
7pUkepD2XsWDHOO92bNyP,2026-09-26T13:00:00+08:00,95,0,2026-09-26T13:00:52+08:00
AosIo96hMLnNe4cZ5LESn,2026-09-26T13:00:00+08:00,33,0,2026-09-26T13:00:52+08:00
CdGlAWLw4cIllzFlL2be0,2026-09-26T13:00:00+08:00,51,0,2026-09-26T13:00:52+08:00
EcBGtBDRSadwhso2WV0Tk,2026-09-26T13:00:00+08:00,33,0,2026-09-26T13:00:52+08:00
FOoCS3RzGgcLYcRzdOFV1,2026-09-26T13:00:00+08:00,22,0,2026-09-26T13:00:52+08:00
FrQe2ueU3hIaPAAh8snYW,2026-09-26T13:00:00+08:00,33,0,2026-09-26T13:00:52+08:00
L6PijvT6exaVezC2I6Vvg,2026-09-26T13:00:00+08:00,41,0,2026-09-26T13:00:52+08:00
LH8LXZ2I67YVHplh5HTUG,2026-09-26T13:00:00+08:00,25,0,2026-09-26T13:00:52+08:00
NxxWCKb2ITT7AZNRJr62i,2026-09-26T13:00:00+08:00,33,0,2026-09-26T13:00:52+08:00
O0tD3rcKdjI7dYB4ynfr9,2026-09-26T13:00:00+08:00,50,0,2026-09-26T13:00:52+08:00
O8i7stfNTU2DydWZdkUIo,2026-09-26T13:00:00+08:00,25,0,2026-09-26T13:00:52+08:00
RF0gfHIWDuNybfYfPOZgU,2026-09-26T13:00:00+08:00,35,0,2026-09-26T13:00:52+08:00
TAmdBcFXigZ5kPnh97Qju,2026-09-26T13:00:00+08:00,39,0,2026-09-26T13:00:52+08:00
Vg6a1NAMJ9yjL5wmJ4ZnS,2026-09-26T13:00:00+08:00,47,0,2026-09-26T13:00:52+08:00
XE4W6nShDirkLifR7aY2H,2026-09-26T13:00:00+08:00,36,0,2026-09-26T13:00:52+08:00
XcptrxSXxwEMzzOdhC4e8,2026-09-26T13:00:00+08:00,33,0,2026-09-26T13:00:52+08:00
gWsom5XND7y31xUHffKIx,2026-09-26T13:00:00+08:00,32,0,2026-09-26T13:00:52+08:00
hU7dxBlZvxIP6xF1sBF4g,2026-09-26T13:00:00+08:00,51,0,2026-09-26T13:00:52+08:00
jURxKTJdKAknCAn3BdZBu,2026-09-26T13:00:00+08:00,28,0,2026-09-26T13:00:52+08:00
kWpNPgv8vJ7oY5hM0EGBj,2026-09-26T13:00:00+08:00,31,0,2026-09-26T13:00:52+08:00
kvKdTkljhfoINMtsxkLwR,2026-09-26T13:00:00+08:00,51,0,2026-09-26T13:00:52+08:00
lGqA6LMJhSPHrUSA9gCBW,2026-09-26T13:00:00+08:00,30,0,2026-09-26T13:00:52+08:00
mTU4h0cnQo7ZfHBye4laR,2026-09-26T13:00:00+08:00,58,0,2026-09-26T13:00:52+08:00
oGyEo8DlMkhqGwHAHyrX2,2026-09-26T13:00:00+08:00,54,0,2026-09-26T13:00:52+08:00
qBwKt6mp7ouMiEuoQHyrX,2026-09-26T13:00:00+08:00,44,0,2026-09-26T13:00:52+08:00
rSfmQ2HygLUCIJZ4YBXhZ,2026-09-26T13:00:00+08:00,43,0,2026-09-26T13:00:52+08:00
sm9l6v5egLq8LmDAxaD35,2026-09-26T13:00:00+08:00,33,0,2026-09-26T13:00:52+08:00
vmM6pa4n1ZoW3cjsr2i8t,2026-09-26T13:00:00+08:00,25,0,2026-09-26T13:00:52+08:00
yI42qVqT0Klxyp97GlSFv,2026-09-26T13:00:00+08:00,45,0,2026-09-26T13:00:52+08:00
zz7zliifcVF7RjIBrHrWW,2026-09-26T13:00:00+08:00,51,0,2026-09-26T13:00:52+08:00
